#
# A fatal error has been detected by the Java Runtime Environment:
#
#  SIGBUS (0xa) at pc=0x0000000344537eb4, pid=20543, tid=126747
#
# JRE version: OpenJDK Runtime Environment Zulu17.52+17-CA (17.0.12+7) (build 17.0.12+7-LTS)
# Java VM: OpenJDK 64-Bit Server VM Zulu17.52+17-CA (17.0.12+7-LTS, mixed mode, sharing, tiered, compressed oops, compressed class ptrs, g1 gc, bsd-aarch64)
# Problematic frame:
# C  [libstreamfusion.dylib+0x537eb4]  mi_free_block_delayed_mt+0x54
#
# No core dump will be written. Core dumps have been disabled. To enable core dumping, try "ulimit -c unlimited" before starting Java again
#
# If you would like to submit a bug report, please visit:
#   http://www.azul.com/support/
# The crash happened outside the Java Virtual Machine in native code.
# See problematic frame for where to report the bug.
#

---------------  S U M M A R Y ------------

Command Line: -Djava.library.path=/Users/jepstein/data/StreamFusion/streamfusion-paimon-compactor/../native/target/release -Darrow.enable_unsafe_memory_access=true -Darrow.enable_null_check_for_get=false --add-opens=java.base/java.nio=ALL-UNNAMED --add-opens=java.base/java.lang=ALL-UNNAMED --add-opens=java.base/java.util=ALL-UNNAMED --add-opens=java.base/java.io=ALL-UNNAMED --add-opens=java.base/java.net=ALL-UNNAMED --add-opens=java.base/java.util.concurrent=ALL-UNNAMED --add-opens=java.base/java.util.concurrent.atomic=ALL-UNNAMED --add-opens=java.base/java.lang.reflect=ALL-UNNAMED --add-opens=java.base/sun.nio.ch=ALL-UNNAMED /Users/jepstein/data/StreamFusion/streamfusion-paimon-compactor/target/surefire/surefirebooter-20260724181646102_3.jar /Users/jepstein/data/StreamFusion/streamfusion-paimon-compactor/target/surefire 2026-07-24T18-16-45_163-jvmRun1 surefire-20260724181646102_1tmp surefire_0-20260724181646102_2tmp

Host: "MacBookPro18,2" arm64, 10 cores, 64G, Darwin 25.2.0, macOS 26.2 (25C56)
Time: Fri Jul 24 18:18:13 2026 CDT elapsed time: 87.647785 seconds (0d 0h 1m 27s)

---------------  T H R E A D  ---------------

Current thread (0x0000000147939800):  JavaThread "NativeColumnarGroupAggExecNode[94] -> ArrowToRowDataExecNode[95] -> nexmark_q4[96]: Writer (1/1)#0" [_thread_in_native, id=126747, stack(0x0000000337d20000,0x0000000337f23000)]

Stack: [0x0000000337d20000,0x0000000337f23000],  sp=0x0000000337f1b3b0,  free space=2028k
Native frames: (J=compiled Java code, j=interpreted, Vv=VM code, C=native code)
C  [libstreamfusion.dylib+0x537eb4]  mi_free_block_delayed_mt+0x54
C  [libstreamfusion.dylib+0x4303018]  _RNvNtNtCs106jutQF6X5_3std3sys2fs12canonicalize+0x78
C  [libstreamfusion.dylib+0x829984]  _RNvXs_NtCse1X6KeDEp8U_18opendal_service_fs7backendNtB4_9FsBuilderNtNtNtCsgl8FOzTUmUE_12opendal_core5types7builder7Builder5build+0x260
C  [libstreamfusion.dylib+0x73cf40]  _RNvMs_NtNtCskwyLipleExa_6paimon2io7file_ioNtB4_13FileIOBuilder5build+0x290
C  [libstreamfusion.dylib+0x310e58]  _RNvMs0_NtNtCs3SUqoAtPN71_12streamfusion5state12paimon_storeNtB5_15PaimonTableCore7file_io+0x254
C  [libstreamfusion.dylib+0x30f7d0]  _RNvMs0_NtNtCs3SUqoAtPN71_12streamfusion5state12paimon_storeNtB5_15PaimonTableCore6create+0x58
C  [libstreamfusion.dylib+0x320848]  _RNvMs1_NtNtCs3SUqoAtPN71_12streamfusion5state12paimon_storeINtB5_11PaimonStoreNtNtB9_9group_agg15GroupStateCodecE6createB9_+0x3ac
C  [libstreamfusion.dylib+0x1107c]  Java_io_github_jordepic_streamfusion_Native_createPaimonGroupAggregator+0x738
j  io.github.jordepic.streamfusion.Native.createPaimonGroupAggregator([I[I[I[I[I[I[I[IIZZJLjava/lang/String;ILjava/lang/String;Ljava/lang/String;[Ljava/lang/String;[Ljava/lang/String;II)J+0
j  io.github.jordepic.streamfusion.operator.NativeColumnarGroupAggregateOperator.initializeState(Lorg/apache/flink/runtime/state/StateInitializationContext;)V+150
j  org.apache.flink.streaming.api.operators.StreamOperatorStateHandler.initializeOperatorState(Lorg/apache/flink/streaming/api/operators/StreamOperatorStateHandler$CheckpointedStreamOperator;)V+73
j  org.apache.flink.streaming.api.operators.AbstractStreamOperator.initializeState(Lorg/apache/flink/streaming/api/operators/StreamTaskStateInitializer;)V+166
j  org.apache.flink.streaming.runtime.tasks.RegularOperatorChain.initializeStateAndOpenOperators(Lorg/apache/flink/streaming/api/operators/StreamTaskStateInitializer;)V+39
j  org.apache.flink.streaming.runtime.tasks.StreamTask.restoreStateAndGates(Lorg/apache/flink/runtime/checkpoint/SubTaskInitializationMetricsBuilder;)Ljava/util/concurrent/CompletableFuture;+97
j  org.apache.flink.streaming.runtime.tasks.StreamTask.lambda$restoreInternal$5(Lorg/apache/flink/runtime/checkpoint/SubTaskInitializationMetricsBuilder;)Ljava/util/concurrent/CompletableFuture;+2
j  org.apache.flink.streaming.runtime.tasks.StreamTask$$Lambda$3415+0x0000000801e333f0.call()Ljava/lang/Object;+8
j  org.apache.flink.streaming.runtime.tasks.StreamTaskActionExecutor$1.call(Ljava/util/concurrent/Callable;)Ljava/lang/Object;+1
j  org.apache.flink.streaming.runtime.tasks.StreamTask.restoreInternal()V+193
j  org.apache.flink.streaming.runtime.tasks.StreamTask.restore()V+1
j  org.apache.flink.runtime.taskmanager.Task$$Lambda$3327+0x0000000801e13708.run()V+4
j  org.apache.flink.runtime.taskmanager.Task.runWithSystemExitMonitoring(Lorg/apache/flink/util/function/RunnableWithException;)V+4
j  org.apache.flink.runtime.taskmanager.Task.restoreAndInvoke(Lorg/apache/flink/runtime/jobgraph/tasks/TaskInvokable;Lorg/apache/flink/core/fs/AutoCloseableRegistry;)V+72
j  org.apache.flink.runtime.taskmanager.Task.doRun()V+713
j  org.apache.flink.runtime.taskmanager.Task.run()V+12
j  java.lang.Thread.run()V+11 java.base@17.0.12
v  ~StubRoutines::call_stub
V  [libjvm.dylib+0x482238]  JavaCalls::call_helper(JavaValue*, methodHandle const&, JavaCallArguments*, JavaThread*)+0x394
V  [libjvm.dylib+0x48124c]  JavaCalls::call_virtual(JavaValue*, Klass*, Symbol*, Symbol*, JavaCallArguments*, JavaThread*)+0x11c
V  [libjvm.dylib+0x481318]  JavaCalls::call_virtual(JavaValue*, Handle, Klass*, Symbol*, Symbol*, JavaThread*)+0x64
V  [libjvm.dylib+0x538c9c]  thread_entry(JavaThread*, JavaThread*)+0xc4
V  [libjvm.dylib+0x9b157c]  JavaThread::thread_main_inner()+0x15c
V  [libjvm.dylib+0x9afbbc]  Thread::call_run()+0xcc
V  [libjvm.dylib+0x7dbeac]  thread_native_entry(Thread*)+0x158
C  [libsystem_pthread.dylib+0x6c08]  _pthread_start+0x88

Java frames: (J=compiled Java code, j=interpreted, Vv=VM code)
j  io.github.jordepic.streamfusion.Native.createPaimonGroupAggregator([I[I[I[I[I[I[I[IIZZJLjava/lang/String;ILjava/lang/String;Ljava/lang/String;[Ljava/lang/String;[Ljava/lang/String;II)J+0
j  io.github.jordepic.streamfusion.operator.NativeColumnarGroupAggregateOperator.initializeState(Lorg/apache/flink/runtime/state/StateInitializationContext;)V+150
j  org.apache.flink.streaming.api.operators.StreamOperatorStateHandler.initializeOperatorState(Lorg/apache/flink/streaming/api/operators/StreamOperatorStateHandler$CheckpointedStreamOperator;)V+73
j  org.apache.flink.streaming.api.operators.AbstractStreamOperator.initializeState(Lorg/apache/flink/streaming/api/operators/StreamTaskStateInitializer;)V+166
j  org.apache.flink.streaming.runtime.tasks.RegularOperatorChain.initializeStateAndOpenOperators(Lorg/apache/flink/streaming/api/operators/StreamTaskStateInitializer;)V+39
j  org.apache.flink.streaming.runtime.tasks.StreamTask.restoreStateAndGates(Lorg/apache/flink/runtime/checkpoint/SubTaskInitializationMetricsBuilder;)Ljava/util/concurrent/CompletableFuture;+97
j  org.apache.flink.streaming.runtime.tasks.StreamTask.lambda$restoreInternal$5(Lorg/apache/flink/runtime/checkpoint/SubTaskInitializationMetricsBuilder;)Ljava/util/concurrent/CompletableFuture;+2
j  org.apache.flink.streaming.runtime.tasks.StreamTask$$Lambda$3415+0x0000000801e333f0.call()Ljava/lang/Object;+8
j  org.apache.flink.streaming.runtime.tasks.StreamTaskActionExecutor$1.call(Ljava/util/concurrent/Callable;)Ljava/lang/Object;+1
j  org.apache.flink.streaming.runtime.tasks.StreamTask.restoreInternal()V+193
j  org.apache.flink.streaming.runtime.tasks.StreamTask.restore()V+1
j  org.apache.flink.runtime.taskmanager.Task$$Lambda$3327+0x0000000801e13708.run()V+4
j  org.apache.flink.runtime.taskmanager.Task.runWithSystemExitMonitoring(Lorg/apache/flink/util/function/RunnableWithException;)V+4
j  org.apache.flink.runtime.taskmanager.Task.restoreAndInvoke(Lorg/apache/flink/runtime/jobgraph/tasks/TaskInvokable;Lorg/apache/flink/core/fs/AutoCloseableRegistry;)V+72
j  org.apache.flink.runtime.taskmanager.Task.doRun()V+713
j  org.apache.flink.runtime.taskmanager.Task.run()V+12
j  java.lang.Thread.run()V+11 java.base@17.0.12
v  ~StubRoutines::call_stub

siginfo: si_signo: 10 (SIGBUS), si_code: 1 (BUS_ADRALN), si_addr: 0x0000000125dda14d

Registers:
 x0=0x0000000125dda10d  x1=0x0000000127c05e00  x2=0x0000000127c05e00  x3=0x0000000127c05e00
 x4=0xfffffffffff64db9  x5=0x0000000000000011  x6=0x000000000000002f  x7=0x0000000337f1cd50
 x8=0x0000000125dda14d  x9=0x0000000000000000 x10=0x0000000000000001 x11=0x0000000125dda145
x12=0x0000000000005e17 x13=0x0000000000000001 x14=0x0000000127c05e00 x15=0x0000000127c05e00
x16=0x000000018b52b360 x17=0x0000000127838c00 x18=0x0000000000000000 x19=0x0000000337f1b7c8
x20=0x0000000000000001 x21=0x0000000127c05e00 x22=0x0000055732014d08 x23=0x0000000000000001
x24=0x0000000000000001 x25=0xffffffffffffffff x26=0x0000000337f1b960 x27=0x0000000000000000
x28=0x0000000337f1df80  fp=0x0000000337f1b3d0  lr=0x0000000348306ca4  sp=0x0000000337f1b3b0
pc=0x0000000344537eb4 cpsr=0x0000000060001000

Register to memory mapping:

 x0=0x0000000125dda10d points into unknown readable memory: 00 00 00
 x1=0x0000000127c05e00 points into unknown readable memory: 0x000000000000002f | 2f 00 00 00 00 00 00 00
 x2=0x0000000127c05e00 points into unknown readable memory: 0x000000000000002f | 2f 00 00 00 00 00 00 00
 x3=0x0000000127c05e00 points into unknown readable memory: 0x000000000000002f | 2f 00 00 00 00 00 00 00
 x4=0xfffffffffff64db9 is an unknown value
 x5=0x0000000000000011 is an unknown value
 x6=0x000000000000002f is an unknown value
 x7=0x0000000337f1cd50 is pointing into the stack for thread: 0x0000000147939800
 x8=0x0000000125dda14d points into unknown readable memory: 00 00 00
 x9=0x0 is NULL
x10=0x0000000000000001 is an unknown value
x11=0x0000000125dda145 points into unknown readable memory: 01 00 00
x12=0x0000000000005e17 is an unknown value
x13=0x0000000000000001 is an unknown value
x14=0x0000000127c05e00 points into unknown readable memory: 0x000000000000002f | 2f 00 00 00 00 00 00 00
x15=0x0000000127c05e00 points into unknown readable memory: 0x000000000000002f | 2f 00 00 00 00 00 00 00
x16=0x000000018b52b360: _platform_memmove+0 in /usr/lib/system/libsystem_platform.dylib at 0x000000018b528000
x17=0x0000000127838c00 points into unknown readable memory: 0x0000000106088000 | 00 80 08 06 01 00 00 00
x18=0x0 is NULL
x19=0x0000000337f1b7c8 is pointing into the stack for thread: 0x0000000147939800
x20=0x0000000000000001 is an unknown value
x21=0x0000000127c05e00 points into unknown readable memory: 0x000000000000002f | 2f 00 00 00 00 00 00 00
x22=0x0000055732014d08 points into unknown readable memory: 0x000005573201142f | 2f 14 01 32 57 05 00 00
x23=0x0000000000000001 is an unknown value
x24=0x0000000000000001 is an unknown value
x25=0xffffffffffffffff: const_jargs+0xfb27bfa7 in /Library/Java/JavaVirtualMachines/zulu-17.0.12-aarch64.jdk/Contents/Home/bin/java at 0x0000000104d7c000
x26=0x0000000337f1b960 is pointing into the stack for thread: 0x0000000147939800
x27=0x0 is NULL
x28=0x0000000337f1df80 is pointing into the stack for thread: 0x0000000147939800


Top of Stack: (sp=0x0000000337f1b3b0)
0x0000000337f1b3b0:   0000000337f1b960 0000000337f1b3e8
0x0000000337f1b3c0:   0000000000000001 0000000337f1b7c8
0x0000000337f1b3d0:   0000000337f1b5a0 0000000348303018
0x0000000337f1b3e0:   0000000000000000 000000000000002f
0x0000000337f1b3f0:   0000000000000000 0000000000000000
0x0000000337f1b400:   0000000000000000 0000000000000000
0x0000000337f1b410:   0000000000000000 0000000000000000
0x0000000337f1b420:   0000000000000000 0000000000000000
0x0000000337f1b430:   0000000000000000 0000000000000000
0x0000000337f1b440:   0000000000000000 0000000000000000
0x0000000337f1b450:   0000000000000000 0000000000000000
0x0000000337f1b460:   0000000000000000 0000000000000000
0x0000000337f1b470:   0000000000000000 0000000000000000
0x0000000337f1b480:   0000000000000000 0000000000000000
0x0000000337f1b490:   0000000000000000 0000000000000000
0x0000000337f1b4a0:   0000000000000000 0000000000000000
0x0000000337f1b4b0:   0000000000000000 0000000000000000
0x0000000337f1b4c0:   0000000000000000 0000000000000000
0x0000000337f1b4d0:   0000000000000000 0000000000000000
0x0000000337f1b4e0:   0000000337f1b358 0000000000000002
0x0000000337f1b4f0:   001641ed01000010 0000000000000002
0x0000000337f1b500:   0000000000000000 0000000000000000
0x0000000337f1b510:   000000006921bf68 0000000000000000
0x0000000337f1b520:   000000006921bf68 0000000000000000
0x0000000337f1b530:   000000006921bf68 0000000000000000
0x0000000337f1b540:   000000006921bf68 0000000000000000
0x0000000337f1b550:   00000000000002c0 0000000000000000
0x0000000337f1b560:   0010000000001000 0000000000000000
0x0000000337f1b570:   0000000337f1b3e8 0000000000000002
0x0000000337f1b580:   0000000337f1b960 00000003497945b0
0x0000000337f1b590:   0000000337f1b670 0000000337f1bb30
0x0000000337f1b5a0:   0000000337f1b8a0 0000000344829984 

Instructions: (pc=0x0000000344537eb4)
0x0000000344537db4:   e8 01 00 b4 69 02 08 cb 29 fd 50 d3 0a 0c 80 52
0x0000000344537dc4:   28 21 0a 9b 09 25 41 b9 08 01 09 cb 09 b9 44 39
0x0000000344537dd4:   a9 01 08 37 00 a5 40 f9 1f 24 00 f1 83 00 00 54
0x0000000344537de4:   01 20 00 d1 60 22 00 91 43 ee ff 97 e0 03 14 aa
0x0000000344537df4:   e1 03 13 aa fd 7b 42 a9 f4 4f 41 a9 f6 57 c3 a8
0x0000000344537e04:   17 00 00 14 00 81 04 91 e1 03 13 aa 3d 00 00 94
0x0000000344537e14:   1f 24 00 f1 62 fe ff 54 f5 ff ff 17 00 81 04 91
0x0000000344537e24:   fd 7b 42 a9 f4 4f 41 a9 f6 57 c3 a8 2a d0 ff 17
0x0000000344537e34:   00 81 04 91 e1 03 02 aa fd 7b 42 a9 f4 4f 41 a9
0x0000000344537e44:   f6 57 c3 a8 f3 cf ff 17 00 81 04 91 fd 7b 42 a9
0x0000000344537e54:   f4 4f 41 a9 f6 57 c3 a8 d3 f8 f7 14 08 1c 40 f9
0x0000000344537e64:   09 05 40 f2 80 01 00 54 0a f5 7e 92 2a 00 00 f9
0x0000000344537e74:   2a 01 01 aa 0b e0 00 91 e9 03 08 aa 6a fd a9 c8
0x0000000344537e84:   3f 01 08 eb c0 03 00 54 e8 03 09 aa 29 05 40 f2
0x0000000344537e94:   c1 fe ff 54 0a 01 40 b2 0b e0 00 91 e9 03 08 aa
0x0000000344537ea4:   6a fd a9 c8 3f 01 08 eb 01 ff ff 54 08 00 01 91
0x0000000344537eb4:   08 c1 bf f8 28 01 00 b4 0a 05 40 f9 e9 03 0a aa
0x0000000344537ec4:   2a 00 00 f9 0b 21 00 91 61 fd a9 c8 3f 01 0a eb
0x0000000344537ed4:   ea 03 09 aa 61 ff ff 54 09 1c 40 f9 e8 03 09 aa
0x0000000344537ee4:   2a f5 7e 92 4a 01 7f b2 0b e0 00 91 6a fd a8 c8
0x0000000344537ef4:   1f 01 09 eb e9 03 08 aa 41 ff ff 54 c0 03 5f d6
0x0000000344537f04:   08 18 40 f9 28 00 08 cb 09 88 40 39 e9 00 00 b4
0x0000000344537f14:   0a 00 80 92 49 21 c9 9a 08 01 29 8a 09 14 40 f9
0x0000000344537f24:   20 01 08 cb c0 03 5f d6 09 14 40 f9 c9 00 00 b4
0x0000000344537f34:   0a 09 c9 9a 48 a1 09 9b 09 14 40 f9 20 01 08 cb
0x0000000344537f44:   c0 03 5f d6 ff c3 00 d1 fd 7b 02 a9 fd 83 00 91
0x0000000344537f54:   e1 03 00 a9 c1 30 02 f0 21 70 0f 91 a0 83 1f f8
0x0000000344537f64:   c0 01 80 52 4b cf ff 97 a0 83 5f f8 08 00 80 d2
0x0000000344537f74:   fd 7b 42 a9 ff c3 00 91 09 14 40 f9 20 01 08 cb
0x0000000344537f84:   c0 03 5f d6 ff 83 01 d1 fd 7b 05 a9 fd 43 01 91
0x0000000344537f94:   e8 7b 6f b2 28 00 80 f2 3f 00 08 eb 22 0a 00 54
0x0000000344537fa4:   5f 00 01 eb a8 05 00 54 83 05 00 b5 5f 44 00 f1 


Stack slot to memory mapping:
stack at sp + 0 slots: 0x0000000337f1b960 is pointing into the stack for thread: 0x0000000147939800
stack at sp + 1 slots: 0x0000000337f1b3e8 is pointing into the stack for thread: 0x0000000147939800
stack at sp + 2 slots: 0x0000000000000001 is an unknown value
stack at sp + 3 slots: 0x0000000337f1b7c8 is pointing into the stack for thread: 0x0000000147939800
stack at sp + 4 slots: 0x0000000337f1b5a0 is pointing into the stack for thread: 0x0000000147939800
stack at sp + 5 slots: 0x0000000348303018: _RNvNtNtCs106jutQF6X5_3std3sys2fs12canonicalize+0x78 in /Users/jepstein/data/StreamFusion/native/target/release/libstreamfusion.dylib at 0x0000000344000000
stack at sp + 6 slots: 0x0 is NULL
stack at sp + 7 slots: 0x000000000000002f is an unknown value


---------------  P R O C E S S  ---------------

Threads class SMR info:
_java_thread_list=0x00006000029dc020, length=104, elements={
0x0000000144014200, 0x000000014380e200, 0x0000000143823400, 0x0000000143822800,
0x0000000144039600, 0x0000000144039c00, 0x000000012600ba00, 0x000000014403ae00,
0x0000000143822e00, 0x0000000143825c00, 0x000000014402b600, 0x0000000133954c00,
0x0000000144014800, 0x0000000143d79400, 0x0000000126b3d400, 0x0000000126b3ce00,
0x000000013284e400, 0x0000000133a65000, 0x000000013283c400, 0x000000012700a200,
0x000000012635a400, 0x0000000132859c00, 0x000000012635aa00, 0x000000012635b000,
0x0000000126b46000, 0x0000000143d82c00, 0x000000012780b800, 0x0000000105972600,
0x00000001277fe800, 0x0000000127809c00, 0x000000012780a200, 0x0000000133a5e200,
0x0000000143d89400, 0x0000000143d7d000, 0x0000000126359000, 0x0000000133a5e800,
0x0000000143e4b800, 0x0000000132856c00, 0x000000014580a400, 0x000000013282f600,
0x0000000133b52200, 0x0000000143b7da00, 0x0000000144da6600, 0x0000000143d88800,
0x0000000143d88e00, 0x0000000143aaea00, 0x0000000105a67400, 0x0000000105a67a00,
0x0000000105a68000, 0x0000000126d5f000, 0x0000000143aaf000, 0x0000000132893600,
0x0000000133d7d600, 0x0000000140edc000, 0x0000000105b57600, 0x0000000105b58c00,
0x0000000105a66e00, 0x0000000132c3ea00, 0x0000000142eb7800, 0x0000000132c73600,
0x0000000132c76600, 0x0000000140edd000, 0x0000000105b5b000, 0x0000000144da5800,
0x0000000144702800, 0x0000000140e62800, 0x0000000144e82c00, 0x0000000143c25400,
0x0000000142eade00, 0x0000000133d77200, 0x00000001438de400, 0x0000000132c89e00,
0x0000000126e8aa00, 0x0000000143da6e00, 0x0000000126192200, 0x0000000144e93000,
0x0000000144e93600, 0x0000000147065e00, 0x0000000142e1fc00, 0x0000000140ffd000,
0x0000000133e37400, 0x0000000126d18400, 0x0000000127c13c00, 0x0000000140f11c00,
0x000000014683a600, 0x0000000142e9bc00, 0x0000000105b5ca00, 0x0000000142e9b600,
0x0000000143c23200, 0x000000014793ea00, 0x000000014793f000, 0x000000014793f600,
0x0000000133e35000, 0x0000000142e9d800, 0x0000000132c70600, 0x0000000147938c00,
0x0000000147939200, 0x0000000132c43600, 0x0000000105989200, 0x0000000147939800,
0x0000000126d5b000, 0x0000000145835c00, 0x0000000147a19c00, 0x0000000127879a00
}

Java Threads: ( => current thread )
  0x0000000144014200 JavaThread "main" [_thread_blocked, id=6403, stack(0x000000016b110000,0x000000016b313000)]
  0x000000014380e200 JavaThread "Reference Handler" daemon [_thread_blocked, id=20227, stack(0x000000017bf64000,0x000000017c167000)]
  0x0000000143823400 JavaThread "Finalizer" daemon [_thread_blocked, id=19971, stack(0x000000017c170000,0x000000017c373000)]
  0x0000000143822800 JavaThread "Signal Dispatcher" daemon [_thread_blocked, id=31491, stack(0x000000017c494000,0x000000017c697000)]
  0x0000000144039600 JavaThread "Service Thread" daemon [_thread_blocked, id=23299, stack(0x000000017c6a0000,0x000000017c8a3000)]
  0x0000000144039c00 JavaThread "Monitor Deflation Thread" daemon [_thread_blocked, id=23555, stack(0x000000017c8ac000,0x000000017caaf000)]
  0x000000012600ba00 JavaThread "C2 CompilerThread0" daemon [_thread_in_native, id=24067, stack(0x000000017cab8000,0x000000017ccbb000)]
  0x000000014403ae00 JavaThread "C1 CompilerThread0" daemon [_thread_blocked, id=30467, stack(0x000000017ccc4000,0x000000017cec7000)]
  0x0000000143822e00 JavaThread "Sweeper thread" daemon [_thread_blocked, id=29955, stack(0x000000017ced0000,0x000000017d0d3000)]
  0x0000000143825c00 JavaThread "Common-Cleaner" daemon [_thread_blocked, id=24323, stack(0x000000017d0dc000,0x000000017d2df000)]
  0x000000014402b600 JavaThread "Notification Thread" daemon [_thread_blocked, id=24835, stack(0x000000017d2e8000,0x000000017d4eb000)]
  0x0000000133954c00 JavaThread "surefire-forkedjvm-stream-flusher" daemon [_thread_blocked, id=26115, stack(0x000000017d90c000,0x000000017db0f000)]
  0x0000000144014800 JavaThread "surefire-forkedjvm-command-thread" daemon [_thread_in_native, id=29187, stack(0x000000017db18000,0x000000017dd1b000)]
  0x0000000143d79400 JavaThread "flink-scheduler-1" [_thread_blocked, id=34051, stack(0x000000017ed84000,0x000000017ef87000)]
  0x0000000126b3d400 JavaThread "flink-pekko.actor.internal-dispatcher-2" [_thread_blocked, id=34563, stack(0x000000017f19c000,0x000000017f39f000)]
  0x0000000126b3ce00 JavaThread "flink-pekko.actor.default-dispatcher-4" [_thread_blocked, id=41731, stack(0x000000017f5b4000,0x000000017f7b7000)]
  0x000000013284e400 JavaThread "flink-metrics-scheduler-1" [_thread_blocked, id=40707, stack(0x000000017f9cc000,0x000000017fbcf000)]
  0x0000000133a65000 JavaThread "flink-metrics-pekko.actor.internal-dispatcher-3" [_thread_blocked, id=35587, stack(0x000000017fde4000,0x000000017ffe7000)]
  0x000000013283c400 JavaThread "ForkJoinPool.commonPool-worker-1" daemon [_thread_blocked, id=39427, stack(0x000000033041c000,0x000000033061f000)]
  0x000000012700a200 JavaThread "Flink-Metric-View-Updater-thread-1" daemon [_thread_blocked, id=36355, stack(0x0000000330628000,0x000000033082b000)]
  0x000000012635a400 JavaThread "Timer-0" daemon [_thread_blocked, id=38915, stack(0x0000000330834000,0x0000000330a37000)]
  0x0000000132859c00 JavaThread "BLOB Server listener at 58133" daemon [_thread_in_native, id=38659, stack(0x0000000330a40000,0x0000000330c43000)]
  0x000000012635aa00 JavaThread "Timer-1" daemon [_thread_blocked, id=38403, stack(0x0000000330c4c000,0x0000000330e4f000)]
  0x000000012635b000 JavaThread "Timer-2" daemon [_thread_blocked, id=38147, stack(0x0000000330e58000,0x000000033105b000)]
  0x0000000126b46000 JavaThread "IOManager writer thread #1" daemon [_thread_blocked, id=37635, stack(0x0000000331064000,0x0000000331267000)]
  0x0000000143d82c00 JavaThread "IOManager reader thread #1" daemon [_thread_blocked, id=65283, stack(0x0000000331270000,0x0000000331473000)]
  0x000000012780b800 JavaThread "flink-rest-server-netty-boss-thread-1" daemon [_thread_in_native, id=65027, stack(0x000000033147c000,0x000000033167f000)]
  0x0000000105972600 JavaThread "mini-cluster-io-thread-1" daemon [_thread_blocked, id=44291, stack(0x0000000331688000,0x000000033188b000)]
  0x00000001277fe800 JavaThread "Flink-DispatcherRestEndpoint-thread-1" daemon [_thread_blocked, id=64771, stack(0x0000000331894000,0x0000000331a97000)]
  0x0000000127809c00 JavaThread "mini-cluster-io-thread-2" daemon [_thread_blocked, id=64515, stack(0x0000000331aa0000,0x0000000331ca3000)]
  0x000000012780a200 JavaThread "mini-cluster-io-thread-3" daemon [_thread_blocked, id=64003, stack(0x0000000331cac000,0x0000000331eaf000)]
  0x0000000133a5e200 JavaThread "pool-4-thread-1" [_thread_blocked, id=63747, stack(0x0000000331eb8000,0x00000003320bb000)]
  0x0000000143d89400 JavaThread "mini-cluster-io-thread-4" daemon [_thread_blocked, id=45571, stack(0x00000003320c4000,0x00000003322c7000)]
  0x0000000143d7d000 JavaThread "resourcemanager_1-main-scheduler-thread-1" daemon [_thread_blocked, id=46083, stack(0x00000003322d0000,0x00000003324d3000)]
  0x0000000126359000 JavaThread "flink-pekko.actor.default-dispatcher-6" [_thread_blocked, id=63235, stack(0x00000003324dc000,0x00000003326df000)]
  0x0000000133a5e800 JavaThread "flink-pekko.actor.default-dispatcher-7" [_thread_blocked, id=62723, stack(0x00000003326e8000,0x00000003328eb000)]
  0x0000000143e4b800 JavaThread "ForkJoinPool.commonPool-worker-2" daemon [_thread_blocked, id=46851, stack(0x0000000332b00000,0x0000000332d03000)]
  0x0000000132856c00 JavaThread "ForkJoinPool.commonPool-worker-3" daemon [_thread_blocked, id=47363, stack(0x0000000332d0c000,0x0000000332f0f000)]
  0x000000014580a400 JavaThread "ForkJoinPool.commonPool-worker-4" daemon [_thread_blocked, id=62211, stack(0x0000000332f18000,0x000000033311b000)]
  0x000000013282f600 JavaThread "flink-pekko.actor.default-dispatcher-8" [_thread_blocked, id=61443, stack(0x0000000333330000,0x0000000333533000)]
  0x0000000133b52200 JavaThread "taskmanager_0-main-scheduler-thread-1" daemon [_thread_blocked, id=61187, stack(0x000000033353c000,0x000000033373f000)]
  0x0000000143b7da00 JavaThread "jobmanager-future-thread-1" daemon [_thread_blocked, id=59923, stack(0x0000000333994000,0x0000000333b97000)]
  0x0000000144da6600 JavaThread "jobmanager-future-thread-2" daemon [_thread_blocked, id=48643, stack(0x0000000333ba0000,0x0000000333da3000)]
  0x0000000143d88800 JavaThread "jobmanager-future-thread-3" daemon [_thread_blocked, id=59395, stack(0x0000000333dac000,0x0000000333faf000)]
  0x0000000143d88e00 JavaThread "jobmanager-future-thread-4" daemon [_thread_blocked, id=59139, stack(0x0000000333fb8000,0x00000003341bb000)]
  0x0000000143aaea00 JavaThread "jobmanager-future-thread-5" daemon [_thread_blocked, id=58883, stack(0x00000003341c4000,0x00000003343c7000)]
  0x0000000105a67400 JavaThread "jobmanager-future-thread-6" daemon [_thread_blocked, id=58627, stack(0x00000003343d0000,0x00000003345d3000)]
  0x0000000105a67a00 JavaThread "jobmanager-future-thread-7" daemon [_thread_blocked, id=50179, stack(0x00000003345dc000,0x00000003347df000)]
  0x0000000105a68000 JavaThread "jobmanager-future-thread-8" daemon [_thread_blocked, id=58371, stack(0x00000003347e8000,0x00000003349eb000)]
  0x0000000126d5f000 JavaThread "jobmanager-future-thread-9" daemon [_thread_blocked, id=50947, stack(0x00000003349f4000,0x0000000334bf7000)]
  0x0000000143aaf000 JavaThread "jobmanager-future-thread-10" daemon [_thread_blocked, id=51203, stack(0x0000000334c00000,0x0000000334e03000)]
  0x0000000132893600 JavaThread "jobmanager-io-thread-1" daemon [_thread_blocked, id=51459, stack(0x0000000334e0c000,0x000000033500f000)]
  0x0000000133d7d600 JavaThread "pool-3-thread-1" [_thread_blocked, id=52483, stack(0x0000000335848000,0x0000000335a4b000)]
  0x0000000140edc000 JavaThread "jobmanager-io-thread-2" daemon [_thread_blocked, id=86539, stack(0x0000000336ecc000,0x00000003370cf000)]
  0x0000000105b57600 JavaThread "jobmanager-io-thread-3" daemon [_thread_blocked, id=67343, stack(0x00000003372e4000,0x00000003374e7000)]
  0x0000000105b58c00 JavaThread "jobmanager-io-thread-4" daemon [_thread_blocked, id=85519, stack(0x0000000337b14000,0x0000000337d17000)]
  0x0000000105a66e00 JavaThread "Cleaner-0" daemon [_thread_blocked, id=46599, stack(0x00000003328f4000,0x0000000332af7000)]
  0x0000000132c3ea00 JavaThread "jobmanager-io-thread-5" daemon [_thread_blocked, id=60443, stack(0x0000000333788000,0x000000033398b000)]
  0x0000000142eb7800 JavaThread "jobmanager-io-thread-6" daemon [_thread_blocked, id=68867, stack(0x000000034b464000,0x000000034b667000)]
  0x0000000132c73600 JavaThread "jobmanager-io-thread-7" daemon [_thread_blocked, id=83715, stack(0x000000034b670000,0x000000034b873000)]
  0x0000000132c76600 JavaThread "jobmanager-io-thread-8" daemon [_thread_blocked, id=83203, stack(0x000000034ba88000,0x000000034bc8b000)]
  0x0000000140edd000 JavaThread "jobmanager-io-thread-9" daemon [_thread_blocked, id=82691, stack(0x000000034bea0000,0x000000034c0a3000)]
  0x0000000105b5b000 JavaThread "jobmanager-io-thread-10" daemon [_thread_blocked, id=81923, stack(0x000000034c2b8000,0x000000034c4bb000)]
  0x0000000144da5800 JavaThread "FlinkCompletableFutureDelayScheduler-thread-1" daemon [_thread_blocked, id=57395, stack(0x000000017d700000,0x000000017d903000)]
  0x0000000144702800 JavaThread "flink-taskexecutor-io-thread-1" daemon [_thread_blocked, id=56851, stack(0x0000000335018000,0x000000033521b000)]
  0x0000000140e62800 JavaThread "flink-taskexecutor-io-thread-2" daemon [_thread_blocked, id=51727, stack(0x0000000335224000,0x0000000335427000)]
  0x0000000144e82c00 JavaThread "RpcService-Supervisor-Termination-Future-Executor-thread-1" daemon [_thread_blocked, id=56595, stack(0x0000000335430000,0x0000000335633000)]
  0x0000000143c25400 JavaThread "Flink-DispatcherRestEndpoint-thread-2" daemon [_thread_blocked, id=25923, stack(0x0000000355c3c000,0x0000000355e3f000)]
  0x0000000142eade00 JavaThread "flink-taskexecutor-io-thread-3" daemon [_thread_blocked, id=55619, stack(0x000000033563c000,0x000000033583f000)]
  0x0000000133d77200 JavaThread "flink-taskexecutor-io-thread-4" daemon [_thread_blocked, id=32539, stack(0x0000000335a54000,0x0000000335c57000)]
  0x00000001438de400 JavaThread "Flink-DispatcherRestEndpoint-thread-3" daemon [_thread_blocked, id=54883, stack(0x0000000335c60000,0x0000000335e63000)]
  0x0000000132c89e00 JavaThread "Flink-DispatcherRestEndpoint-thread-4" daemon [_thread_blocked, id=54051, stack(0x00000003570b4000,0x00000003572b7000)]
  0x0000000126e8aa00 JavaThread "MANIFEST-READ-THREAD-POOL-t1" daemon [_thread_blocked, id=93955, stack(0x00000003572c0000,0x00000003574c3000)]
  0x0000000143da6e00 JavaThread "MANIFEST-READ-THREAD-POOL-t2" daemon [_thread_blocked, id=125187, stack(0x00000003576d8000,0x00000003578db000)]
  0x0000000126192200 JavaThread "MANIFEST-READ-THREAD-POOL-t3" daemon [_thread_blocked, id=95235, stack(0x0000000357af0000,0x0000000357cf3000)]
  0x0000000144e93000 JavaThread "MANIFEST-READ-THREAD-POOL-t4" daemon [_thread_blocked, id=95491, stack(0x0000000357cfc000,0x0000000357eff000)]
  0x0000000144e93600 JavaThread "MANIFEST-READ-THREAD-POOL-t5" daemon [_thread_blocked, id=95747, stack(0x0000000357f08000,0x000000035810b000)]
  0x0000000147065e00 JavaThread "MANIFEST-READ-THREAD-POOL-t6" daemon [_thread_blocked, id=123907, stack(0x0000000358114000,0x0000000358317000)]
  0x0000000142e1fc00 JavaThread "MANIFEST-READ-THREAD-POOL-t7" daemon [_thread_blocked, id=96003, stack(0x0000000358320000,0x0000000358523000)]
  0x0000000140ffd000 JavaThread "MANIFEST-READ-THREAD-POOL-t8" daemon [_thread_blocked, id=96515, stack(0x000000035852c000,0x000000035872f000)]
  0x0000000133e37400 JavaThread "MANIFEST-READ-THREAD-POOL-t9" daemon [_thread_blocked, id=123139, stack(0x0000000358738000,0x000000035893b000)]
  0x0000000126d18400 JavaThread "MANIFEST-READ-THREAD-POOL-t10" daemon [_thread_blocked, id=122883, stack(0x0000000358944000,0x0000000358b47000)]
  0x0000000127c13c00 JavaThread "AsyncOutputStream-t1" daemon [_thread_blocked, id=94747, stack(0x00000003578e4000,0x0000000357ae7000)]
  0x0000000140f11c00 JavaThread "flink-metrics-6" [_thread_blocked, id=72719, stack(0x000000017f3a8000,0x000000017f5ab000)]
  0x000000014683a600 JavaThread "flink-pekko.actor.supervisor-dispatcher-9" [_thread_blocked, id=65923, stack(0x000000017f7c0000,0x000000017f9c3000)]
  0x0000000142e9bc00 JavaThread "C2 CompilerThread1" daemon [_thread_blocked, id=69939, stack(0x000000017fbd8000,0x000000017fddb000)]
  0x0000000105b5ca00 JavaThread "C2 CompilerThread2" daemon [_thread_in_native, id=86899, stack(0x0000000330004000,0x0000000330207000)]
  0x0000000142e9b600 JavaThread "TableResult-await-thread" [_thread_blocked, id=91199, stack(0x0000000330210000,0x0000000330413000)]
  0x0000000143c23200 JavaThread "jobmanager_8-main-scheduler-thread-1" daemon [_thread_blocked, id=65635, stack(0x0000000333124000,0x0000000333327000)]
  0x000000014793ea00 JavaThread "SourceCoordinator-Source: Sequence Source" [_thread_blocked, id=82227, stack(0x0000000335e6c000,0x000000033606f000)]
  0x000000014793f000 JavaThread "Checkpoint Timer" daemon [_thread_blocked, id=126247, stack(0x0000000336284000,0x0000000336487000)]
  0x000000014793f600 JavaThread "Source: Sequence Source -> Map -> Timestamps/Watermarks -> events[81] -> (RowDataToArrowExecNode[82] -> NativeCalcExecNode[83] -> NativeColumnarExchangeExecNode[84], RowDataToArrowExecNode[85] -> NativeCalcExecNode[86] -> NativeColumnarExchangeExecNode[87]) (1/1)#0" [_thread_in_native, id=127247, stack(0x0000000336490000,0x0000000336693000)]
  0x0000000133e35000 JavaThread "CloseableReaperThread" daemon [_thread_blocked, id=70275, stack(0x000000033669c000,0x000000033689f000)]
  0x0000000142e9d800 JavaThread "OutputFlusher for Source: Sequence Source -> Map -> Timestamps/Watermarks -> events[81] -> (RowDataToArrowExecNode[82] -> NativeCalcExecNode[83] -> NativeColumnarExchangeExecNode[84], RowDataToArrowExecNode[85] -> NativeCalcExecNode[86] -> NativeColumnarExchangeExecNode[87]) (1/1)#0" daemon [_thread_blocked, id=88079, stack(0x00000003368a8000,0x0000000336aab000)]
  0x0000000132c70600 JavaThread "OutputFlusher for Source: Sequence Source -> Map -> Timestamps/Watermarks -> events[81] -> (RowDataToArrowExecNode[82] -> NativeCalcExecNode[83] -> NativeColumnarExchangeExecNode[84], RowDataToArrowExecNode[85] -> NativeCalcExecNode[86] -> NativeColumnarExchangeExecNode[87]) (1/1)#0" daemon [_thread_blocked, id=55851, stack(0x0000000336ab4000,0x0000000336cb7000)]
  0x0000000147938c00 JavaThread "NativeColumnarUpdatingJoinExecNode[88] -> NativeCalcExecNode[89] -> NativeColumnarExchangeExecNode[90] (1/1)#0" [_thread_in_native, id=53859, stack(0x0000000336cc0000,0x0000000336ec3000)]
  0x0000000147939200 JavaThread "OutputFlusher for NativeColumnarUpdatingJoinExecNode[88] -> NativeCalcExecNode[89] -> NativeColumnarExchangeExecNode[90] (1/1)#0" daemon [_thread_blocked, id=126499, stack(0x00000003370d8000,0x00000003372db000)]
  0x0000000132c43600 JavaThread "NativeColumnarGroupAggExecNode[91] -> NativeCalcExecNode[92] -> NativeColumnarExchangeExecNode[93] (1/1)#0" [_thread_blocked, id=126019, stack(0x00000003376fc000,0x00000003378ff000)]
  0x0000000105989200 JavaThread "OutputFlusher for NativeColumnarGroupAggExecNode[91] -> NativeCalcExecNode[92] -> NativeColumnarExchangeExecNode[93] (1/1)#0" daemon [_thread_blocked, id=66603, stack(0x0000000337908000,0x0000000337b0b000)]
=>0x0000000147939800 JavaThread "NativeColumnarGroupAggExecNode[94] -> ArrowToRowDataExecNode[95] -> nexmark_q4[96]: Writer (1/1)#0" [_thread_in_native, id=126747, stack(0x0000000337d20000,0x0000000337f23000)]
  0x0000000126d5b000 JavaThread "Time Trigger for Source: Sequence Source -> Map -> Timestamps/Watermarks -> events[81] -> (RowDataToArrowExecNode[82] -> NativeCalcExecNode[83] -> NativeColumnarExchangeExecNode[84], RowDataToArrowExecNode[85] -> NativeCalcExecNode[86] -> NativeColumnarExchangeExecNode[87]) (1/1)#0" daemon [_thread_blocked, id=69779, stack(0x000000034bc94000,0x000000034be97000)]
  0x0000000145835c00 JavaThread "System Time Trigger for NativeColumnarUpdatingJoinExecNode[88] -> NativeCalcExecNode[89] -> NativeColumnarExchangeExecNode[90] (1/1)#0" daemon [_thread_blocked, id=92259, stack(0x000000034c0ac000,0x000000034c2af000)]
  0x0000000147a19c00 JavaThread "System Time Trigger for NativeColumnarGroupAggExecNode[91] -> NativeCalcExecNode[92] -> NativeColumnarExchangeExecNode[93] (1/1)#0" daemon [_thread_blocked, id=68691, stack(0x000000034c4c4000,0x000000034c6c7000)]
  0x0000000127879a00 JavaThread "System Time Trigger for Source: Sequence Source -> Map -> Timestamps/Watermarks -> events[81] -> (RowDataToArrowExecNode[82] -> NativeCalcExecNode[83] -> NativeColumnarExchangeExecNode[84], RowDataToArrowExecNode[85] -> NativeCalcExecNode[86] -> NativeColumnarExchangeExecNode[87]) (1/1)#0" daemon [_thread_blocked, id=39987, stack(0x000000034b04c000,0x000000034b24f000)]

Other Threads:
  0x0000000123d05690 VMThread "VM Thread" [stack: 0x000000017bd58000,0x000000017bf5b000] [id=20739]
  0x000000013360c0b0 WatcherThread [stack: 0x000000017d4f4000,0x000000017d6f7000] [id=29443]
  0x0000000133705c80 GCTaskThread "GC Thread#0" [stack: 0x000000017b31c000,0x000000017b51f000] [id=13827]
  0x0000000105504b90 GCTaskThread "GC Thread#1" [stack: 0x000000017dd24000,0x000000017df27000] [id=26627]
  0x000000014361efa0 GCTaskThread "GC Thread#2" [stack: 0x000000017df30000,0x000000017e133000] [id=28675]
  0x000000014361f430 GCTaskThread "GC Thread#3" [stack: 0x000000017e13c000,0x000000017e33f000] [id=28163]
  0x000000014361f8c0 GCTaskThread "GC Thread#4" [stack: 0x000000017e348000,0x000000017e54b000] [id=27395]
  0x00000001336138d0 GCTaskThread "GC Thread#5" [stack: 0x000000017e554000,0x000000017e757000] [id=27651]
  0x0000000133613e10 GCTaskThread "GC Thread#6" [stack: 0x000000017e760000,0x000000017e963000] [id=43267]
  0x00000001336142a0 GCTaskThread "GC Thread#7" [stack: 0x000000017e96c000,0x000000017eb6f000] [id=33027]
  0x0000000133614730 GCTaskThread "GC Thread#8" [stack: 0x000000017eb78000,0x000000017ed7b000] [id=33539]
  0x0000000133706340 ConcurrentGCThread "G1 Main Marker" [stack: 0x000000017b528000,0x000000017b72b000] [id=12291]
  0x0000000133706bd0 ConcurrentGCThread "G1 Conc#0" [stack: 0x000000017b734000,0x000000017b937000] [id=13059]
  0x0000000133637300 ConcurrentGCThread "G1 Conc#1" [stack: 0x000000017ef90000,0x000000017f193000] [id=42499]
  0x0000000133708d10 ConcurrentGCThread "G1 Refine#0" [stack: 0x000000017b940000,0x000000017bb43000] [id=16643]
  0x00000001337095c0 ConcurrentGCThread "G1 Service" [stack: 0x000000017bb4c000,0x000000017bd4f000] [id=17155]

Threads with active compile tasks:
C2 CompilerThread0    87658 20810   !   4       java.util.regex.Pattern::closure (276 bytes)
C2 CompilerThread2    87658 20797       4       java.lang.Class::getMethodsRecursive (99 bytes)

VM state: not at safepoint (normal execution)

VM Mutex/Monitor currently owned by a thread: None

Heap address: 0x0000000400000000, size: 16384 MB, Compressed Oops mode: Zero based, Oop shift amount: 3

CDS archive(s) mapped at: [0x0000000800000000-0x0000000800bf0000-0x0000000800bf0000), size 12517376, SharedBaseAddress: 0x0000000800000000, ArchiveRelocationMode: 1.
Compressed class space mapped at: 0x0000000801000000-0x0000000841000000, reserved size: 1073741824
Narrow klass base: 0x0000000800000000, Narrow klass shift: 0, Narrow klass range: 0x100000000

GC Precious Log:
 CPUs: 10 total, 10 available
 Memory: 65536M
 Large Page Support: Disabled
 NUMA Support: Disabled
 Compressed Oops: Enabled (Zero based)
 Heap Region Size: 8M
 Heap Min Capacity: 8M
 Heap Initial Capacity: 1G
 Heap Max Capacity: 16G
 Pre-touch: Disabled
 Parallel Workers: 9
 Concurrent Workers: 2
 Concurrent Refinement Workers: 9
 Periodic GC: Disabled

Heap:
 garbage-first heap   total 1114112K, used 388293K [0x0000000400000000, 0x0000000800000000)
  region size 8192K, 40 young (327680K), 1 survivors (8192K)
 Metaspace       used 152054K, committed 153088K, reserved 1245184K
  class space    used 19698K, committed 20224K, reserved 1048576K

Heap Regions: E=young(eden), S=young(survivor), O=old, HS=humongous(starts), HC=humongous(continues), CS=collection set, F=free, OA=open archive, CA=closed archive, TAMS=top-at-mark-start (previous, next)
|   0|0x0000000400000000, 0x0000000400800000, 0x0000000400800000|100%| O|  |TAMS 0x0000000400800000, 0x0000000400000000| Untracked 
|   1|0x0000000400800000, 0x0000000401000000, 0x0000000401000000|100%| O|  |TAMS 0x0000000401000000, 0x0000000400800000| Untracked 
|   2|0x0000000401000000, 0x0000000401800000, 0x0000000401800000|100%| O|  |TAMS 0x0000000401800000, 0x0000000401000000| Untracked 
|   3|0x0000000401800000, 0x0000000402000000, 0x0000000402000000|100%| O|  |TAMS 0x0000000402000000, 0x0000000401800000| Untracked 
|   4|0x0000000402000000, 0x0000000402752c00, 0x0000000402800000| 91%| O|  |TAMS 0x0000000402752c00, 0x0000000402000000| Untracked 
|   5|0x0000000402800000, 0x0000000403000000, 0x0000000403000000|100%| O|  |TAMS 0x0000000402800000, 0x0000000402800000| Untracked 
|   6|0x0000000403000000, 0x000000040377a000, 0x0000000403800000| 93%| O|  |TAMS 0x000000040377a000, 0x0000000403000000| Untracked 
|   7|0x0000000403800000, 0x0000000404000000, 0x0000000404000000|100%| O|  |TAMS 0x0000000403800000, 0x0000000403800000| Untracked 
|   8|0x0000000404000000, 0x0000000404800000, 0x0000000404800000|100%| O|  |TAMS 0x0000000404000000, 0x0000000404000000| Untracked 
|   9|0x0000000404800000, 0x00000004048fd200, 0x0000000405000000| 12%| O|  |TAMS 0x0000000404800000, 0x0000000404800000| Untracked 
|  10|0x0000000405000000, 0x0000000405000000, 0x0000000405800000|  0%| F|  |TAMS 0x0000000405000000, 0x0000000405000000| Untracked 
|  11|0x0000000405800000, 0x0000000405800000, 0x0000000406000000|  0%| F|  |TAMS 0x0000000405800000, 0x0000000405800000| Untracked 
|  12|0x0000000406000000, 0x0000000406000000, 0x0000000406800000|  0%| F|  |TAMS 0x0000000406000000, 0x0000000406000000| Untracked 
|  13|0x0000000406800000, 0x0000000406800000, 0x0000000407000000|  0%| F|  |TAMS 0x0000000406800000, 0x0000000406800000| Untracked 
|  14|0x0000000407000000, 0x0000000407000000, 0x0000000407800000|  0%| F|  |TAMS 0x0000000407000000, 0x0000000407000000| Untracked 
|  15|0x0000000407800000, 0x0000000407800000, 0x0000000408000000|  0%| F|  |TAMS 0x0000000407800000, 0x0000000407800000| Untracked 
|  16|0x0000000408000000, 0x0000000408000000, 0x0000000408800000|  0%| F|  |TAMS 0x0000000408000000, 0x0000000408000000| Untracked 
|  17|0x0000000408800000, 0x0000000408800000, 0x0000000409000000|  0%| F|  |TAMS 0x0000000408800000, 0x0000000408800000| Untracked 
|  18|0x0000000409000000, 0x0000000409000000, 0x0000000409800000|  0%| F|  |TAMS 0x0000000409000000, 0x0000000409000000| Untracked 
|  19|0x0000000409800000, 0x0000000409800000, 0x000000040a000000|  0%| F|  |TAMS 0x0000000409800000, 0x0000000409800000| Untracked 
|  20|0x000000040a000000, 0x000000040a000000, 0x000000040a800000|  0%| F|  |TAMS 0x000000040a000000, 0x000000040a000000| Untracked 
|  21|0x000000040a800000, 0x000000040a800000, 0x000000040b000000|  0%| F|  |TAMS 0x000000040a800000, 0x000000040a800000| Untracked 
|  22|0x000000040b000000, 0x000000040b000000, 0x000000040b800000|  0%| F|  |TAMS 0x000000040b000000, 0x000000040b000000| Untracked 
|  23|0x000000040b800000, 0x000000040b800000, 0x000000040c000000|  0%| F|  |TAMS 0x000000040b800000, 0x000000040b800000| Untracked 
|  24|0x000000040c000000, 0x000000040c000000, 0x000000040c800000|  0%| F|  |TAMS 0x000000040c000000, 0x000000040c000000| Untracked 
|  25|0x000000040c800000, 0x000000040c800000, 0x000000040d000000|  0%| F|  |TAMS 0x000000040c800000, 0x000000040c800000| Untracked 
|  26|0x000000040d000000, 0x000000040d000000, 0x000000040d800000|  0%| F|  |TAMS 0x000000040d000000, 0x000000040d000000| Untracked 
|  27|0x000000040d800000, 0x000000040d800000, 0x000000040e000000|  0%| F|  |TAMS 0x000000040d800000, 0x000000040d800000| Untracked 
|  28|0x000000040e000000, 0x000000040e000000, 0x000000040e800000|  0%| F|  |TAMS 0x000000040e000000, 0x000000040e000000| Untracked 
|  29|0x000000040e800000, 0x000000040e800000, 0x000000040f000000|  0%| F|  |TAMS 0x000000040e800000, 0x000000040e800000| Untracked 
|  30|0x000000040f000000, 0x000000040f000000, 0x000000040f800000|  0%| F|  |TAMS 0x000000040f000000, 0x000000040f000000| Untracked 
|  31|0x000000040f800000, 0x000000040f800000, 0x0000000410000000|  0%| F|  |TAMS 0x000000040f800000, 0x000000040f800000| Untracked 
|  32|0x0000000410000000, 0x0000000410000000, 0x0000000410800000|  0%| F|  |TAMS 0x0000000410000000, 0x0000000410000000| Untracked 
|  33|0x0000000410800000, 0x0000000410800000, 0x0000000411000000|  0%| F|  |TAMS 0x0000000410800000, 0x0000000410800000| Untracked 
|  34|0x0000000411000000, 0x0000000411000000, 0x0000000411800000|  0%| F|  |TAMS 0x0000000411000000, 0x0000000411000000| Untracked 
|  35|0x0000000411800000, 0x0000000411800000, 0x0000000412000000|  0%| F|  |TAMS 0x0000000411800000, 0x0000000411800000| Untracked 
|  36|0x0000000412000000, 0x0000000412000000, 0x0000000412800000|  0%| F|  |TAMS 0x0000000412000000, 0x0000000412000000| Untracked 
|  37|0x0000000412800000, 0x0000000412800000, 0x0000000413000000|  0%| F|  |TAMS 0x0000000412800000, 0x0000000412800000| Untracked 
|  38|0x0000000413000000, 0x0000000413000000, 0x0000000413800000|  0%| F|  |TAMS 0x0000000413000000, 0x0000000413000000| Untracked 
|  39|0x0000000413800000, 0x0000000413800000, 0x0000000414000000|  0%| F|  |TAMS 0x0000000413800000, 0x0000000413800000| Untracked 
|  40|0x0000000414000000, 0x0000000414000000, 0x0000000414800000|  0%| F|  |TAMS 0x0000000414000000, 0x0000000414000000| Untracked 
|  41|0x0000000414800000, 0x0000000414800000, 0x0000000415000000|  0%| F|  |TAMS 0x0000000414800000, 0x0000000414800000| Untracked 
|  42|0x0000000415000000, 0x0000000415000000, 0x0000000415800000|  0%| F|  |TAMS 0x0000000415000000, 0x0000000415000000| Untracked 
|  43|0x0000000415800000, 0x0000000415800000, 0x0000000416000000|  0%| F|  |TAMS 0x0000000415800000, 0x0000000415800000| Untracked 
|  44|0x0000000416000000, 0x0000000416000000, 0x0000000416800000|  0%| F|  |TAMS 0x0000000416000000, 0x0000000416000000| Untracked 
|  45|0x0000000416800000, 0x0000000416800000, 0x0000000417000000|  0%| F|  |TAMS 0x0000000416800000, 0x0000000416800000| Untracked 
|  46|0x0000000417000000, 0x0000000417000000, 0x0000000417800000|  0%| F|  |TAMS 0x0000000417000000, 0x0000000417000000| Untracked 
|  47|0x0000000417800000, 0x0000000417800000, 0x0000000418000000|  0%| F|  |TAMS 0x0000000417800000, 0x0000000417800000| Untracked 
|  48|0x0000000418000000, 0x0000000418000000, 0x0000000418800000|  0%| F|  |TAMS 0x0000000418000000, 0x0000000418000000| Untracked 
|  49|0x0000000418800000, 0x0000000418800000, 0x0000000419000000|  0%| F|  |TAMS 0x0000000418800000, 0x0000000418800000| Untracked 
|  50|0x0000000419000000, 0x0000000419000000, 0x0000000419800000|  0%| F|  |TAMS 0x0000000419000000, 0x0000000419000000| Untracked 
|  51|0x0000000419800000, 0x0000000419800000, 0x000000041a000000|  0%| F|  |TAMS 0x0000000419800000, 0x0000000419800000| Untracked 
|  52|0x000000041a000000, 0x000000041a37b898, 0x000000041a800000| 43%| S|CS|TAMS 0x000000041a000000, 0x000000041a000000| Complete 
|  53|0x000000041a800000, 0x000000041a800000, 0x000000041b000000|  0%| F|  |TAMS 0x000000041a800000, 0x000000041a800000| Untracked 
|  54|0x000000041b000000, 0x000000041b000000, 0x000000041b800000|  0%| F|  |TAMS 0x000000041b000000, 0x000000041b000000| Untracked 
|  55|0x000000041b800000, 0x000000041b800000, 0x000000041c000000|  0%| F|  |TAMS 0x000000041b800000, 0x000000041b800000| Untracked 
|  56|0x000000041c000000, 0x000000041c000000, 0x000000041c800000|  0%| F|  |TAMS 0x000000041c000000, 0x000000041c000000| Untracked 
|  57|0x000000041c800000, 0x000000041c800000, 0x000000041d000000|  0%| F|  |TAMS 0x000000041c800000, 0x000000041c800000| Untracked 
|  58|0x000000041d000000, 0x000000041d000000, 0x000000041d800000|  0%| F|  |TAMS 0x000000041d000000, 0x000000041d000000| Untracked 
|  59|0x000000041d800000, 0x000000041d800000, 0x000000041e000000|  0%| F|  |TAMS 0x000000041d800000, 0x000000041d800000| Untracked 
|  60|0x000000041e000000, 0x000000041e000000, 0x000000041e800000|  0%| F|  |TAMS 0x000000041e000000, 0x000000041e000000| Untracked 
|  61|0x000000041e800000, 0x000000041e800000, 0x000000041f000000|  0%| F|  |TAMS 0x000000041e800000, 0x000000041e800000| Untracked 
|  62|0x000000041f000000, 0x000000041f000000, 0x000000041f800000|  0%| F|  |TAMS 0x000000041f000000, 0x000000041f000000| Untracked 
|  63|0x000000041f800000, 0x000000041f800000, 0x0000000420000000|  0%| F|  |TAMS 0x000000041f800000, 0x000000041f800000| Untracked 
|  64|0x0000000420000000, 0x0000000420000000, 0x0000000420800000|  0%| F|  |TAMS 0x0000000420000000, 0x0000000420000000| Untracked 
|  65|0x0000000420800000, 0x0000000420800000, 0x0000000421000000|  0%| F|  |TAMS 0x0000000420800000, 0x0000000420800000| Untracked 
|  66|0x0000000421000000, 0x0000000421000000, 0x0000000421800000|  0%| F|  |TAMS 0x0000000421000000, 0x0000000421000000| Untracked 
|  67|0x0000000421800000, 0x0000000421800000, 0x0000000422000000|  0%| F|  |TAMS 0x0000000421800000, 0x0000000421800000| Untracked 
|  68|0x0000000422000000, 0x0000000422000000, 0x0000000422800000|  0%| F|  |TAMS 0x0000000422000000, 0x0000000422000000| Untracked 
|  69|0x0000000422800000, 0x0000000422800000, 0x0000000423000000|  0%| F|  |TAMS 0x0000000422800000, 0x0000000422800000| Untracked 
|  70|0x0000000423000000, 0x0000000423000000, 0x0000000423800000|  0%| F|  |TAMS 0x0000000423000000, 0x0000000423000000| Untracked 
|  71|0x0000000423800000, 0x0000000423800000, 0x0000000424000000|  0%| F|  |TAMS 0x0000000423800000, 0x0000000423800000| Untracked 
|  72|0x0000000424000000, 0x0000000424000000, 0x0000000424800000|  0%| F|  |TAMS 0x0000000424000000, 0x0000000424000000| Untracked 
|  73|0x0000000424800000, 0x0000000424800000, 0x0000000425000000|  0%| F|  |TAMS 0x0000000424800000, 0x0000000424800000| Untracked 
|  74|0x0000000425000000, 0x0000000425000000, 0x0000000425800000|  0%| F|  |TAMS 0x0000000425000000, 0x0000000425000000| Untracked 
|  75|0x0000000425800000, 0x0000000425800000, 0x0000000426000000|  0%| F|  |TAMS 0x0000000425800000, 0x0000000425800000| Untracked 
|  76|0x0000000426000000, 0x0000000426000000, 0x0000000426800000|  0%| F|  |TAMS 0x0000000426000000, 0x0000000426000000| Untracked 
|  77|0x0000000426800000, 0x0000000426800000, 0x0000000427000000|  0%| F|  |TAMS 0x0000000426800000, 0x0000000426800000| Untracked 
|  78|0x0000000427000000, 0x0000000427000000, 0x0000000427800000|  0%| F|  |TAMS 0x0000000427000000, 0x0000000427000000| Untracked 
|  79|0x0000000427800000, 0x0000000427800000, 0x0000000428000000|  0%| F|  |TAMS 0x0000000427800000, 0x0000000427800000| Untracked 
|  80|0x0000000428000000, 0x0000000428000000, 0x0000000428800000|  0%| F|  |TAMS 0x0000000428000000, 0x0000000428000000| Untracked 
|  81|0x0000000428800000, 0x0000000428800000, 0x0000000429000000|  0%| F|  |TAMS 0x0000000428800000, 0x0000000428800000| Untracked 
|  82|0x0000000429000000, 0x0000000429000000, 0x0000000429800000|  0%| F|  |TAMS 0x0000000429000000, 0x0000000429000000| Untracked 
|  83|0x0000000429800000, 0x0000000429800000, 0x000000042a000000|  0%| F|  |TAMS 0x0000000429800000, 0x0000000429800000| Untracked 
|  84|0x000000042a000000, 0x000000042a000000, 0x000000042a800000|  0%| F|  |TAMS 0x000000042a000000, 0x000000042a000000| Untracked 
|  85|0x000000042a800000, 0x000000042a800000, 0x000000042b000000|  0%| F|  |TAMS 0x000000042a800000, 0x000000042a800000| Untracked 
|  86|0x000000042b000000, 0x000000042b000000, 0x000000042b800000|  0%| F|  |TAMS 0x000000042b000000, 0x000000042b000000| Untracked 
|  87|0x000000042b800000, 0x000000042b800000, 0x000000042c000000|  0%| F|  |TAMS 0x000000042b800000, 0x000000042b800000| Untracked 
|  88|0x000000042c000000, 0x000000042c000000, 0x000000042c800000|  0%| F|  |TAMS 0x000000042c000000, 0x000000042c000000| Untracked 
|  89|0x000000042c800000, 0x000000042c800000, 0x000000042d000000|  0%| F|  |TAMS 0x000000042c800000, 0x000000042c800000| Untracked 
|  90|0x000000042d000000, 0x000000042d000000, 0x000000042d800000|  0%| F|  |TAMS 0x000000042d000000, 0x000000042d000000| Untracked 
|  91|0x000000042d800000, 0x000000042d800000, 0x000000042e000000|  0%| F|  |TAMS 0x000000042d800000, 0x000000042d800000| Untracked 
|  92|0x000000042e000000, 0x000000042e000000, 0x000000042e800000|  0%| F|  |TAMS 0x000000042e000000, 0x000000042e000000| Untracked 
|  93|0x000000042e800000, 0x000000042e800000, 0x000000042f000000|  0%| F|  |TAMS 0x000000042e800000, 0x000000042e800000| Untracked 
|  94|0x000000042f000000, 0x000000042f000000, 0x000000042f800000|  0%| F|  |TAMS 0x000000042f000000, 0x000000042f000000| Untracked 
|  95|0x000000042f800000, 0x000000042fc1dd58, 0x0000000430000000| 51%| E|  |TAMS 0x000000042f800000, 0x000000042f800000| Complete 
|  96|0x0000000430000000, 0x0000000430800000, 0x0000000430800000|100%| E|CS|TAMS 0x0000000430000000, 0x0000000430000000| Complete 
|  97|0x0000000430800000, 0x0000000431000000, 0x0000000431000000|100%| E|CS|TAMS 0x0000000430800000, 0x0000000430800000| Complete 
|  98|0x0000000431000000, 0x0000000431800000, 0x0000000431800000|100%| E|CS|TAMS 0x0000000431000000, 0x0000000431000000| Complete 
|  99|0x0000000431800000, 0x0000000432000000, 0x0000000432000000|100%| E|CS|TAMS 0x0000000431800000, 0x0000000431800000| Complete 
| 100|0x0000000432000000, 0x0000000432800000, 0x0000000432800000|100%| E|CS|TAMS 0x0000000432000000, 0x0000000432000000| Complete 
| 101|0x0000000432800000, 0x0000000433000000, 0x0000000433000000|100%| E|CS|TAMS 0x0000000432800000, 0x0000000432800000| Complete 
| 102|0x0000000433000000, 0x0000000433800000, 0x0000000433800000|100%| E|CS|TAMS 0x0000000433000000, 0x0000000433000000| Complete 
| 103|0x0000000433800000, 0x0000000434000000, 0x0000000434000000|100%| E|CS|TAMS 0x0000000433800000, 0x0000000433800000| Complete 
| 104|0x0000000434000000, 0x0000000434800000, 0x0000000434800000|100%| E|CS|TAMS 0x0000000434000000, 0x0000000434000000| Complete 
| 105|0x0000000434800000, 0x0000000435000000, 0x0000000435000000|100%| E|CS|TAMS 0x0000000434800000, 0x0000000434800000| Complete 
| 106|0x0000000435000000, 0x0000000435800000, 0x0000000435800000|100%| E|  |TAMS 0x0000000435000000, 0x0000000435000000| Complete 
| 107|0x0000000435800000, 0x0000000436000000, 0x0000000436000000|100%| E|CS|TAMS 0x0000000435800000, 0x0000000435800000| Complete 
| 108|0x0000000436000000, 0x0000000436800000, 0x0000000436800000|100%| E|CS|TAMS 0x0000000436000000, 0x0000000436000000| Complete 
| 109|0x0000000436800000, 0x0000000437000000, 0x0000000437000000|100%| E|CS|TAMS 0x0000000436800000, 0x0000000436800000| Complete 
| 110|0x0000000437000000, 0x0000000437800000, 0x0000000437800000|100%| E|CS|TAMS 0x0000000437000000, 0x0000000437000000| Complete 
| 111|0x0000000437800000, 0x0000000438000000, 0x0000000438000000|100%| E|CS|TAMS 0x0000000437800000, 0x0000000437800000| Complete 
| 112|0x0000000438000000, 0x0000000438800000, 0x0000000438800000|100%| E|CS|TAMS 0x0000000438000000, 0x0000000438000000| Complete 
| 113|0x0000000438800000, 0x0000000439000000, 0x0000000439000000|100%| E|CS|TAMS 0x0000000438800000, 0x0000000438800000| Complete 
| 114|0x0000000439000000, 0x0000000439800000, 0x0000000439800000|100%| E|CS|TAMS 0x0000000439000000, 0x0000000439000000| Complete 
| 115|0x0000000439800000, 0x000000043a000000, 0x000000043a000000|100%| E|CS|TAMS 0x0000000439800000, 0x0000000439800000| Complete 
| 116|0x000000043a000000, 0x000000043a800000, 0x000000043a800000|100%| E|CS|TAMS 0x000000043a000000, 0x000000043a000000| Complete 
| 117|0x000000043a800000, 0x000000043b000000, 0x000000043b000000|100%| E|CS|TAMS 0x000000043a800000, 0x000000043a800000| Complete 
| 118|0x000000043b000000, 0x000000043b800000, 0x000000043b800000|100%| E|CS|TAMS 0x000000043b000000, 0x000000043b000000| Complete 
| 119|0x000000043b800000, 0x000000043c000000, 0x000000043c000000|100%| E|CS|TAMS 0x000000043b800000, 0x000000043b800000| Complete 
| 120|0x000000043c000000, 0x000000043c800000, 0x000000043c800000|100%| E|CS|TAMS 0x000000043c000000, 0x000000043c000000| Complete 
| 121|0x000000043c800000, 0x000000043d000000, 0x000000043d000000|100%| E|CS|TAMS 0x000000043c800000, 0x000000043c800000| Complete 
| 122|0x000000043d000000, 0x000000043d800000, 0x000000043d800000|100%| E|CS|TAMS 0x000000043d000000, 0x000000043d000000| Complete 
| 123|0x000000043d800000, 0x000000043e000000, 0x000000043e000000|100%| E|CS|TAMS 0x000000043d800000, 0x000000043d800000| Complete 
| 124|0x000000043e000000, 0x000000043e800000, 0x000000043e800000|100%| E|CS|TAMS 0x000000043e000000, 0x000000043e000000| Complete 
| 125|0x000000043e800000, 0x000000043f000000, 0x000000043f000000|100%| E|CS|TAMS 0x000000043e800000, 0x000000043e800000| Complete 
| 126|0x000000043f000000, 0x000000043f800000, 0x000000043f800000|100%| E|CS|TAMS 0x000000043f000000, 0x000000043f000000| Complete 
| 127|0x000000043f800000, 0x0000000440000000, 0x0000000440000000|100%| E|CS|TAMS 0x000000043f800000, 0x000000043f800000| Complete 
| 128|0x0000000440000000, 0x0000000440800000, 0x0000000440800000|100%| E|CS|TAMS 0x0000000440000000, 0x0000000440000000| Complete 
| 129|0x0000000440800000, 0x0000000441000000, 0x0000000441000000|100%| E|CS|TAMS 0x0000000440800000, 0x0000000440800000| Complete 
| 130|0x0000000441000000, 0x0000000441800000, 0x0000000441800000|100%| E|CS|TAMS 0x0000000441000000, 0x0000000441000000| Complete 
| 131|0x0000000441800000, 0x0000000442000000, 0x0000000442000000|100%| E|CS|TAMS 0x0000000441800000, 0x0000000441800000| Complete 
| 132|0x0000000442000000, 0x0000000442800000, 0x0000000442800000|100%| E|CS|TAMS 0x0000000442000000, 0x0000000442000000| Complete 
| 133|0x0000000442800000, 0x0000000443000000, 0x0000000443000000|100%| E|CS|TAMS 0x0000000442800000, 0x0000000442800000| Complete 
|2046|0x00000007ff000000, 0x00000007ff778000, 0x00000007ff800000| 93%|OA|  |TAMS 0x00000007ff778000, 0x00000007ff000000| Untracked 
|2047|0x00000007ff800000, 0x00000007ff874000, 0x0000000800000000|  5%|CA|  |TAMS 0x00000007ff874000, 0x00000007ff800000| Untracked 

Card table byte_map: [0x000000011fc50000,0x0000000121c50000] _byte_map_base: 0x000000011dc50000

Marking Bits (Prev, Next): (CMBitMap*) 0x000000013381de50, (CMBitMap*) 0x000000013381de10
 Prev Bits: [0x000000016b318000, 0x000000017b318000)
 Next Bits: [0x0000000150000000, 0x0000000160000000)

Polling page: 0x0000000104e10000

Metaspace:

Usage:
  Non-class:    129.25 MB used.
      Class:     19.24 MB used.
       Both:    148.49 MB used.

Virtual space:
  Non-class space:      192.00 MB reserved,     129.75 MB ( 68%) committed,  3 nodes.
      Class space:        1.00 GB reserved,      19.75 MB (  2%) committed,  1 nodes.
             Both:        1.19 GB reserved,     149.50 MB ( 12%) committed. 

Chunk freelists:
   Non-Class:  13.51 MB
       Class:  12.19 MB
        Both:  25.70 MB

MaxMetaspaceSize: unlimited
CompressedClassSpaceSize: 1.00 GB
Initial GC threshold: 21.00 MB
Current GC threshold: 182.75 MB
CDS: on
MetaspaceReclaimPolicy: balanced
 - commit_granule_bytes: 65536.
 - commit_granule_words: 8192.
 - virtual_space_node_default_size: 8388608.
 - enlarge_chunks_in_place: 1.
 - new_chunks_are_fully_committed: 0.
 - uncommit_free_chunks: 1.
 - use_allocation_guard: 0.
 - handle_deallocations: 1.


Internal statistics:

num_allocs_failed_limit: 27.
num_arena_births: 1558.
num_arena_deaths: 2.
num_vsnodes_births: 4.
num_vsnodes_deaths: 0.
num_space_committed: 2389.
num_space_uncommitted: 0.
num_chunks_returned_to_freelist: 30.
num_chunks_taken_from_freelist: 7320.
num_chunk_merges: 27.
num_chunk_splits: 5458.
num_chunks_enlarged: 4347.
num_inconsistent_stats: 0.

CodeHeap 'non-profiled nmethods': size=120032Kb used=14039Kb max_used=14039Kb free=105992Kb
 bounds [0x0000000116718000, 0x00000001174d8000, 0x000000011dc50000]
CodeHeap 'profiled nmethods': size=120016Kb used=31066Kb max_used=31076Kb free=88949Kb
 bounds [0x000000010ec50000, 0x0000000110ab0000, 0x0000000116184000]
CodeHeap 'non-nmethods': size=5712Kb used=1689Kb max_used=1819Kb free=4022Kb
 bounds [0x0000000116184000, 0x00000001163f4000, 0x0000000116718000]
 total_blobs=17468 nmethods=16323 adapters=1059
 compilation: enabled
              stopped_count=0, restarted_count=0
 full_count=0

Compilation events (20 events):
Event: 87.643 Thread 0x000000014403ae00 20796       3       org.apache.flink.runtime.metrics.groups.TaskManagerJobMetricGroup::parent (8 bytes)
Event: 87.643 Thread 0x000000014403ae00 nmethod 20796 0x000000011051b790 code [0x000000011051b940, 0x000000011051bb58]
Event: 87.643 Thread 0x0000000105b5ca00 nmethod 20794 0x00000001174c7f10 code [0x00000001174c80c0, 0x00000001174c81e0]
Event: 87.643 Thread 0x0000000105b5ca00 20797       4       java.lang.Class::getMethodsRecursive (99 bytes)
Event: 87.643 Thread 0x000000012600ba00 20798       4       org.apache.pekko.actor.AbstractActor::aroundReceive (7 bytes)
Event: 87.643 Thread 0x000000014403ae00 20799   !   3       jdk.internal.reflect.GeneratedSerializationConstructorAccessor77::newInstance (49 bytes)
Event: 87.643 Thread 0x000000014403ae00 nmethod 20799 0x000000011051af90 code [0x000000011051b180, 0x000000011051b528]
Event: 87.643 Thread 0x000000014403ae00 20800       1       org.apache.flink.runtime.taskmanager.RuntimeEnvironment::getTaskConfiguration (5 bytes)
Event: 87.643 Thread 0x000000014403ae00 nmethod 20800 0x00000001174c8310 code [0x00000001174c8480, 0x00000001174c8518]
Event: 87.643 Thread 0x000000014403ae00 20801       3       java.lang.invoke.DelegatingMethodHandle$Holder::reinvoke_L (18 bytes)
Event: 87.643 Thread 0x000000014403ae00 nmethod 20801 0x000000011051a690 code [0x000000011051a880, 0x000000011051ae10]
Event: 87.643 Thread 0x000000014403ae00 20802       3       java.util.regex.Pattern$BnM::optimize (179 bytes)
Event: 87.644 Thread 0x000000012600ba00 nmethod 20798 0x00000001174c8610 code [0x00000001174c87c0, 0x00000001174c8950]
Event: 87.644 Thread 0x000000012600ba00 20805       4       org.apache.flink.util.AbstractID::byteArrayToLong (44 bytes)
Event: 87.644 Thread 0x000000014403ae00 nmethod 20802 0x0000000110519290 code [0x0000000110519540, 0x000000011051a2c8]
Event: 87.644 Thread 0x000000014403ae00 20807       3       java.util.regex.Pattern$BnM::match (161 bytes)
Event: 87.644 Thread 0x000000014403ae00 nmethod 20807 0x0000000110518510 code [0x0000000110518740, 0x0000000110518ef8]
Event: 87.644 Thread 0x000000014403ae00 20806       3       org.apache.flink.streaming.runtime.tasks.ContainingTaskDetails::getUserCodeClassLoader (17 bytes)
Event: 87.644 Thread 0x000000014403ae00 nmethod 20806 0x0000000110517f10 code [0x00000001105180c0, 0x0000000110518358]
Event: 87.644 Thread 0x000000014403ae00 20808       3       org.apache.flink.configuration.ConfigurationUtils$$Lambda$968/0x00000008016272d0::test (12 bytes)

GC Heap History (20 events):
Event: 73.342 GC heap before
{Heap before GC invocations=79 (full 0):
 garbage-first heap   total 1114112K, used 729165K [0x0000000400000000, 0x0000000800000000)
  region size 8192K, 81 young (663552K), 1 survivors (8192K)
 Metaspace       used 151417K, committed 152384K, reserved 1245184K
  class space    used 19695K, committed 20160K, reserved 1048576K
}
Event: 73.343 GC heap after
{Heap after GC invocations=80 (full 0):
 garbage-first heap   total 1114112K, used 92467K [0x0000000400000000, 0x0000000800000000)
  region size 8192K, 2 young (16384K), 2 survivors (16384K)
 Metaspace       used 151417K, committed 152384K, reserved 1245184K
  class space    used 19695K, committed 20160K, reserved 1048576K
}
Event: 74.360 GC heap before
{Heap before GC invocations=80 (full 0):
 garbage-first heap   total 1114112K, used 731443K [0x0000000400000000, 0x0000000800000000)
  region size 8192K, 81 young (663552K), 2 survivors (16384K)
 Metaspace       used 151417K, committed 152384K, reserved 1245184K
  class space    used 19695K, committed 20160K, reserved 1048576K
}
Event: 74.361 GC heap after
{Heap after GC invocations=81 (full 0):
 garbage-first heap   total 1114112K, used 82487K [0x0000000400000000, 0x0000000800000000)
  region size 8192K, 1 young (8192K), 1 survivors (8192K)
 Metaspace       used 151417K, committed 152384K, reserved 1245184K
  class space    used 19695K, committed 20160K, reserved 1048576K
}
Event: 75.745 GC heap before
{Heap before GC invocations=81 (full 0):
 garbage-first heap   total 1114112K, used 729655K [0x0000000400000000, 0x0000000800000000)
  region size 8192K, 81 young (663552K), 1 survivors (8192K)
 Metaspace       used 151417K, committed 152384K, reserved 1245184K
  class space    used 19695K, committed 20160K, reserved 1048576K
}
Event: 75.746 GC heap after
{Heap after GC invocations=82 (full 0):
 garbage-first heap   total 1114112K, used 82887K [0x0000000400000000, 0x0000000800000000)
  region size 8192K, 1 young (8192K), 1 survivors (8192K)
 Metaspace       used 151417K, committed 152384K, reserved 1245184K
  class space    used 19695K, committed 20160K, reserved 1048576K
}
Event: 77.874 GC heap before
{Heap before GC invocations=82 (full 0):
 garbage-first heap   total 1114112K, used 730055K [0x0000000400000000, 0x0000000800000000)
  region size 8192K, 81 young (663552K), 1 survivors (8192K)
 Metaspace       used 151427K, committed 152384K, reserved 1245184K
  class space    used 19695K, committed 20160K, reserved 1048576K
}
Event: 77.876 GC heap after
{Heap after GC invocations=83 (full 0):
 garbage-first heap   total 1114112K, used 136285K [0x0000000400000000, 0x0000000800000000)
  region size 8192K, 7 young (57344K), 7 survivors (57344K)
 Metaspace       used 151427K, committed 152384K, reserved 1245184K
  class space    used 19695K, committed 20160K, reserved 1048576K
}
Event: 78.858 GC heap before
{Heap before GC invocations=83 (full 0):
 garbage-first heap   total 1114112K, used 734301K [0x0000000400000000, 0x0000000800000000)
  region size 8192K, 81 young (663552K), 7 survivors (57344K)
 Metaspace       used 151447K, committed 152448K, reserved 1245184K
  class space    used 19696K, committed 20160K, reserved 1048576K
}
Event: 78.859 GC heap after
{Heap after GC invocations=84 (full 0):
 garbage-first heap   total 1114112K, used 83062K [0x0000000400000000, 0x0000000800000000)
  region size 8192K, 1 young (8192K), 1 survivors (8192K)
 Metaspace       used 151447K, committed 152448K, reserved 1245184K
  class space    used 19696K, committed 20160K, reserved 1048576K
}
Event: 80.226 GC heap before
{Heap before GC invocations=84 (full 0):
 garbage-first heap   total 1114112K, used 730230K [0x0000000400000000, 0x0000000800000000)
  region size 8192K, 81 young (663552K), 1 survivors (8192K)
 Metaspace       used 151459K, committed 152448K, reserved 1245184K
  class space    used 19696K, committed 20160K, reserved 1048576K
}
Event: 80.227 GC heap after
{Heap after GC invocations=85 (full 0):
 garbage-first heap   total 1114112K, used 82972K [0x0000000400000000, 0x0000000800000000)
  region size 8192K, 1 young (8192K), 1 survivors (8192K)
 Metaspace       used 151459K, committed 152448K, reserved 1245184K
  class space    used 19696K, committed 20160K, reserved 1048576K
}
Event: 81.544 GC heap before
{Heap before GC invocations=85 (full 0):
 garbage-first heap   total 1114112K, used 730140K [0x0000000400000000, 0x0000000800000000)
  region size 8192K, 81 young (663552K), 1 survivors (8192K)
 Metaspace       used 151473K, committed 152448K, reserved 1245184K
  class space    used 19696K, committed 20160K, reserved 1048576K
}
Event: 81.545 GC heap after
{Heap after GC invocations=86 (full 0):
 garbage-first heap   total 1114112K, used 83715K [0x0000000400000000, 0x0000000800000000)
  region size 8192K, 1 young (8192K), 1 survivors (8192K)
 Metaspace       used 151473K, committed 152448K, reserved 1245184K
  class space    used 19696K, committed 20160K, reserved 1048576K
}
Event: 83.300 GC heap before
{Heap before GC invocations=86 (full 0):
 garbage-first heap   total 1114112K, used 730883K [0x0000000400000000, 0x0000000800000000)
  region size 8192K, 81 young (663552K), 1 survivors (8192K)
 Metaspace       used 151486K, committed 152448K, reserved 1245184K
  class space    used 19696K, committed 20160K, reserved 1048576K
}
Event: 83.301 GC heap after
{Heap after GC invocations=87 (full 0):
 garbage-first heap   total 1114112K, used 85619K [0x0000000400000000, 0x0000000800000000)
  region size 8192K, 1 young (8192K), 1 survivors (8192K)
 Metaspace       used 151486K, committed 152448K, reserved 1245184K
  class space    used 19696K, committed 20160K, reserved 1048576K
}
Event: 84.697 GC heap before
{Heap before GC invocations=87 (full 0):
 garbage-first heap   total 1114112K, used 732787K [0x0000000400000000, 0x0000000800000000)
  region size 8192K, 81 young (663552K), 1 survivors (8192K)
 Metaspace       used 151487K, committed 152448K, reserved 1245184K
  class space    used 19696K, committed 20160K, reserved 1048576K
}
Event: 84.698 GC heap after
{Heap after GC invocations=88 (full 0):
 garbage-first heap   total 1114112K, used 85244K [0x0000000400000000, 0x0000000800000000)
  region size 8192K, 1 young (8192K), 1 survivors (8192K)
 Metaspace       used 151487K, committed 152448K, reserved 1245184K
  class space    used 19696K, committed 20160K, reserved 1048576K
}
Event: 86.115 GC heap before
{Heap before GC invocations=88 (full 0):
 garbage-first heap   total 1114112K, used 732412K [0x0000000400000000, 0x0000000800000000)
  region size 8192K, 81 young (663552K), 1 survivors (8192K)
 Metaspace       used 151487K, committed 152448K, reserved 1245184K
  class space    used 19696K, committed 20160K, reserved 1048576K
}
Event: 86.116 GC heap after
{Heap after GC invocations=89 (full 0):
 garbage-first heap   total 1114112K, used 85189K [0x0000000400000000, 0x0000000800000000)
  region size 8192K, 1 young (8192K), 1 survivors (8192K)
 Metaspace       used 151487K, committed 152448K, reserved 1245184K
  class space    used 19696K, committed 20160K, reserved 1048576K
}

Dll operation events (20 events):
Event: 0.053 Loaded shared library /Library/Java/JavaVirtualMachines/zulu-17.0.12-aarch64.jdk/Contents/Home/lib/libmanagement_ext.dylib
Event: 0.060 Loaded shared library /Library/Java/JavaVirtualMachines/zulu-17.0.12-aarch64.jdk/Contents/Home/lib/libjimage.dylib
Event: 0.271 Loaded shared library /Library/Java/JavaVirtualMachines/zulu-17.0.12-aarch64.jdk/Contents/Home/lib/libverify.dylib
Event: 0.477 Loaded shared library /Library/Java/JavaVirtualMachines/zulu-17.0.12-aarch64.jdk/Contents/Home/lib/libnet.dylib
Event: 1.232 Loading shared library /Library/Java/JavaVirtualMachines/zulu-17.0.12-aarch64.jdk/Contents/Home/lib/libhadoop.dylib failed, dlopen(/Library/Java/JavaVirtualMachines/zulu-17.0.12-aarch64.jdk/Contents/Home/lib/libhadoop.dylib, 0x0001): tried: '/Library/Java
Event: 1.233 Loading shared library /Library/Java/JavaVirtualMachines/zulu-17.0.12-aarch64.jdk/Contents/Home/lib/libhadoop.jnilib failed, dlopen(/Library/Java/JavaVirtualMachines/zulu-17.0.12-aarch64.jdk/Contents/Home/lib/libhadoop.jnilib, 0x0001): tried: '/Library/Ja
Event: 1.233 Loading shared library /Users/jepstein/data/StreamFusion/native/target/release/libhadoop.dylib failed, dlopen(/Users/jepstein/data/StreamFusion/native/target/release/libhadoop.dylib, 0x0001): tried: '/Users/jepstein/data/StreamFusion/native/target/release
Event: 1.233 Loading shared library /Users/jepstein/data/StreamFusion/native/target/release/libhadoop.jnilib failed, dlopen(/Users/jepstein/data/StreamFusion/native/target/release/libhadoop.jnilib, 0x0001): tried: '/Users/jepstein/data/StreamFusion/native/target/relea
Event: 1.270 Loaded shared library /Library/Java/JavaVirtualMachines/zulu-17.0.12-aarch64.jdk/Contents/Home/lib/libjaas.dylib
Event: 1.284 Loaded shared library /Library/Java/JavaVirtualMachines/zulu-17.0.12-aarch64.jdk/Contents/Home/lib/libextnet.dylib
Event: 1.732 Loading shared library /Library/Java/JavaVirtualMachines/zulu-17.0.12-aarch64.jdk/Contents/Home/lib/libstreamfusion.dylib failed, dlopen(/Library/Java/JavaVirtualMachines/zulu-17.0.12-aarch64.jdk/Contents/Home/lib/libstreamfusion.dylib, 0x0001): tried: '/
Event: 1.733 Loading shared library /Library/Java/JavaVirtualMachines/zulu-17.0.12-aarch64.jdk/Contents/Home/lib/libstreamfusion.jnilib failed, dlopen(/Library/Java/JavaVirtualMachines/zulu-17.0.12-aarch64.jdk/Contents/Home/lib/libstreamfusion.jnilib, 0x0001): tried: 
Event: 2.921 Loaded shared library /Users/jepstein/data/StreamFusion/native/target/release/libstreamfusion.dylib
Event: 3.552 Loading shared library /Library/Java/JavaVirtualMachines/zulu-17.0.12-aarch64.jdk/Contents/Home/lib/libstreamfusion_kafka.dylib failed, dlopen(/Library/Java/JavaVirtualMachines/zulu-17.0.12-aarch64.jdk/Contents/Home/lib/libstreamfusion_kafka.dylib, 0x0001
Event: 3.552 Loading shared library /Library/Java/JavaVirtualMachines/zulu-17.0.12-aarch64.jdk/Contents/Home/lib/libstreamfusion_kafka.jnilib failed, dlopen(/Library/Java/JavaVirtualMachines/zulu-17.0.12-aarch64.jdk/Contents/Home/lib/libstreamfusion_kafka.jnilib, 0x00
Event: 3.553 Loading shared library /Users/jepstein/data/StreamFusion/native/target/release/libstreamfusion_kafka.dylib failed, dlopen(/Users/jepstein/data/StreamFusion/native/target/release/libstreamfusion_kafka.dylib, 0x0001): tried: '/Users/jepstein/data/StreamFusi
Event: 3.553 Loading shared library /Users/jepstein/data/StreamFusion/native/target/release/libstreamfusion_kafka.jnilib failed, dlopen(/Users/jepstein/data/StreamFusion/native/target/release/libstreamfusion_kafka.jnilib, 0x0001): tried: '/Users/jepstein/data/StreamFu
Event: 4.528 Loaded shared library /private/var/folders/nb/m2wcx1sx6zlg1gycmsr33t5r0000gp/T/jnilib-10755928858907013946.tmp
Event: 20.328 Loaded shared library /private/var/folders/nb/m2wcx1sx6zlg1gycmsr33t5r0000gp/T/snappy-1.1.10-d1eb8bc9-2331-43c7-9b6c-fc7daadf9357-libsnappyjava.dylib
Event: 20.534 Loaded shared library /private/var/folders/nb/m2wcx1sx6zlg1gycmsr33t5r0000gp/T/libzstd-jni-1.5.5-1111804481658217195817.dylib

Deoptimization events (20 events):
Event: 87.639 Thread 0x0000000133a5e800 Uncommon trap: trap_request=0xffffffde fr.pc=0x00000001174711a8 relative=0x00000000000002a8
Event: 87.639 Thread 0x0000000133a5e800 Uncommon trap: reason=class_check action=maybe_recompile pc=0x00000001174711a8 method=java.util.function.BinaryOperator.lambda$maxBy$1(Ljava/util/Comparator;Ljava/lang/Object;Ljava/lang/Object;)Ljava/lang/Object; @ 3 c2
Event: 87.639 Thread 0x0000000133a5e800 DEOPT PACKING pc=0x00000001174711a8 sp=0x00000003328e97d0
Event: 87.639 Thread 0x0000000133a5e800 DEOPT UNPACKING pc=0x00000001161cb91c sp=0x00000003328e9670 mode 2
Event: 87.639 Thread 0x0000000133a5e800 Uncommon trap: trap_request=0xffffffde fr.pc=0x00000001174711a8 relative=0x00000000000002a8
Event: 87.639 Thread 0x0000000133a5e800 Uncommon trap: reason=class_check action=maybe_recompile pc=0x00000001174711a8 method=java.util.function.BinaryOperator.lambda$maxBy$1(Ljava/util/Comparator;Ljava/lang/Object;Ljava/lang/Object;)Ljava/lang/Object; @ 3 c2
Event: 87.639 Thread 0x0000000133a5e800 DEOPT PACKING pc=0x00000001174711a8 sp=0x00000003328e97d0
Event: 87.639 Thread 0x0000000133a5e800 DEOPT UNPACKING pc=0x00000001161cb91c sp=0x00000003328e9670 mode 2
Event: 87.639 Thread 0x0000000133a5e800 Uncommon trap: trap_request=0xffffffde fr.pc=0x00000001174711a8 relative=0x00000000000002a8
Event: 87.639 Thread 0x0000000133a5e800 Uncommon trap: reason=class_check action=maybe_recompile pc=0x00000001174711a8 method=java.util.function.BinaryOperator.lambda$maxBy$1(Ljava/util/Comparator;Ljava/lang/Object;Ljava/lang/Object;)Ljava/lang/Object; @ 3 c2
Event: 87.639 Thread 0x0000000133a5e800 DEOPT PACKING pc=0x00000001174711a8 sp=0x00000003328e97d0
Event: 87.639 Thread 0x0000000133a5e800 DEOPT UNPACKING pc=0x00000001161cb91c sp=0x00000003328e9670 mode 2
Event: 87.640 Thread 0x0000000133a5e800 Uncommon trap: trap_request=0xffffffcc fr.pc=0x00000001173c9e3c relative=0x00000000000002bc
Event: 87.640 Thread 0x0000000133a5e800 Uncommon trap: reason=intrinsic_or_type_checked_inlining action=make_not_entrant pc=0x00000001173c9e3c method=java.util.Arrays.copyOfRange([Ljava/lang/Object;IILjava/lang/Class;)[Ljava/lang/Object; @ 84 c2
Event: 87.640 Thread 0x0000000133a5e800 DEOPT PACKING pc=0x00000001173c9e3c sp=0x00000003328e97b0
Event: 87.640 Thread 0x0000000133a5e800 DEOPT UNPACKING pc=0x00000001161cb91c sp=0x00000003328e9710 mode 2
Event: 87.644 Thread 0x0000000147938c00 Uncommon trap: trap_request=0xffffff45 fr.pc=0x0000000116a733ac relative=0x00000000000023ac
Event: 87.644 Thread 0x0000000147938c00 Uncommon trap: reason=unstable_if action=reinterpret pc=0x0000000116a733ac method=java.io.FileInputStream.close()V @ 46 c2
Event: 87.644 Thread 0x0000000147938c00 DEOPT PACKING pc=0x0000000116a733ac sp=0x0000000336ec1630
Event: 87.644 Thread 0x0000000147938c00 DEOPT UNPACKING pc=0x00000001161cb91c sp=0x0000000336ec1600 mode 2

Classes loaded (20 events):
Event: 26.238 Loading class java/util/zip/GZIPOutputStream
Event: 26.238 Loading class java/util/zip/GZIPOutputStream done
Event: 26.239 Loading class java/util/zip/GZIPInputStream
Event: 26.239 Loading class java/util/zip/GZIPInputStream done
Event: 26.409 Loading class java/io/SequenceInputStream
Event: 26.409 Loading class java/io/SequenceInputStream done
Event: 26.499 Loading class java/util/PrimitiveIterator
Event: 26.500 Loading class java/util/PrimitiveIterator done
Event: 26.502 Loading class java/util/concurrent/RecursiveAction
Event: 26.502 Loading class java/util/concurrent/RecursiveAction done
Event: 26.504 Loading class java/util/function/LongUnaryOperator
Event: 26.504 Loading class java/util/function/LongUnaryOperator done
Event: 26.504 Loading class java/util/PrimitiveIterator$OfLong
Event: 26.504 Loading class java/util/PrimitiveIterator$OfLong done
Event: 26.508 Loading class java/util/PrimitiveIterator$OfInt
Event: 26.508 Loading class java/util/PrimitiveIterator$OfInt done
Event: 26.529 Loading class java/util/function/LongToIntFunction
Event: 26.529 Loading class java/util/function/LongToIntFunction done
Event: 27.129 Loading class java/util/AbstractMap$SimpleEntry
Event: 27.129 Loading class java/util/AbstractMap$SimpleEntry done

Classes unloaded (1 events):
Event: 2.298 Thread 0x0000000123d05690 Unloading class 0x0000000801650400 'java/lang/invoke/LambdaForm$DMH+0x0000000801650400'

Classes redefined (0 events):
No events

Internal exceptions (20 events):
Event: 22.037 Thread 0x00000001058db000 Implicit null exception at 0x000000011708a418 to 0x000000011708a558
Event: 26.489 Thread 0x0000000132e3fa00 Exception <a 'java/lang/NoSuchMethodError'{0x0000000426e674b8}: 'java.lang.Object java.lang.invoke.DirectMethodHandle$Holder.invokeVirtual(java.lang.Object, java.lang.Object, java.lang.Object, int)'> (0x0000000426e674b8) 
thrown [src/hotspot/share/interpreter/linkResolver.cpp, line 759]
Event: 26.489 Thread 0x0000000132e3fa00 Exception <a 'java/lang/NoSuchMethodError'{0x0000000426e81ea0}: 'java.lang.Object java.lang.invoke.DirectMethodHandle$Holder.invokeVirtual(java.lang.Object, java.lang.Object, java.lang.Object, double)'> (0x0000000426e81ea0) 
thrown [src/hotspot/share/interpreter/linkResolver.cpp, line 759]
Event: 27.118 Thread 0x00000001058db000 Exception <a 'java/lang/NoSuchMethodError'{0x000000043d984128}: 'java.lang.Object java.lang.invoke.DirectMethodHandle$Holder.newInvokeSpecial(java.lang.Object, java.lang.Object, java.lang.Object, java.lang.Object, long, int, java.lang.Object)'> (0x000000043d984128) 
thrown [src/hotspot/share/interpreter/linkResolver.cpp, line 759]
Event: 27.131 Thread 0x00000001058db000 Exception <a 'java/lang/NoSuchMethodError'{0x000000043dbf2920}: 'void java.lang.invoke.DirectMethodHandle$Holder.invokeStaticInit(java.lang.Object, java.lang.Object, int, java.lang.Object)'> (0x000000043dbf2920) 
thrown [src/hotspot/share/interpreter/linkResolver.cpp, line 759]
Event: 27.153 Thread 0x00000001058db000 Implicit null exception at 0x0000000117150468 to 0x0000000117150b10
Event: 27.199 Thread 0x00000001058db000 Exception <a 'java/lang/NoSuchMethodError'{0x000000043d4d59a0}: 'java.lang.Object java.lang.invoke.DirectMethodHandle$Holder.newInvokeSpecial(java.lang.Object, java.lang.Object, long, int)'> (0x000000043d4d59a0) 
thrown [src/hotspot/share/interpreter/linkResolver.cpp, line 759]
Event: 27.199 Thread 0x00000001058db000 Exception <a 'java/lang/NoSuchMethodError'{0x000000043d4d9a20}: 'java.lang.Object java.lang.invoke.DirectMethodHandle$Holder.invokeSpecial(java.lang.Object, java.lang.Object, java.lang.Object, long, int)'> (0x000000043d4d9a20) 
thrown [src/hotspot/share/interpreter/linkResolver.cpp, line 759]
Event: 27.199 Thread 0x00000001058db000 Exception <a 'java/lang/NoSuchMethodError'{0x000000043d4dd908}: 'java.lang.Object java.lang.invoke.Invokers$Holder.linkToTargetMethod(java.lang.Object, long, int, java.lang.Object)'> (0x000000043d4dd908) 
thrown [src/hotspot/share/interpreter/linkResolver.cpp, line 759]
Event: 27.200 Thread 0x00000001058db000 Exception <a 'java/io/FileNotFoundException'{0x000000043d4f6590}> (0x000000043d4f6590) 
thrown [src/hotspot/share/prims/jni.cpp, line 516]
Event: 27.202 Thread 0x00000001058db000 Exception <a 'java/io/FileNotFoundException'{0x000000043d51ed28}> (0x000000043d51ed28) 
thrown [src/hotspot/share/prims/jni.cpp, line 516]
Event: 87.274 Thread 0x0000000127879a00 Exception <a 'java/lang/InterruptedException'{0x00000004352bfb38}: sleep interrupted> (0x00000004352bfb38) 
thrown [src/hotspot/share/prims/jvm.cpp, line 3064]
Event: 87.275 Thread 0x0000000144798200 Exception <a 'java/lang/InterruptedException'{0x00000004352cfc68}: sleep interrupted> (0x00000004352cfc68) 
thrown [src/hotspot/share/prims/jvm.cpp, line 3064]
Event: 87.337 Thread 0x0000000142eaba00 Exception <a 'java/lang/InterruptedException'{0x0000000434ee91b8}: sleep interrupted> (0x0000000434ee91b8) 
thrown [src/hotspot/share/prims/jvm.cpp, line 3064]
Event: 87.413 Thread 0x0000000146924c00 Exception <a 'java/lang/InterruptedException'{0x0000000434740d80}: sleep interrupted> (0x0000000434740d80) 
thrown [src/hotspot/share/prims/jvm.cpp, line 3064]
Event: 87.487 Thread 0x0000000144797c00 Exception <a 'java/lang/InterruptedException'{0x00000004347a5278}> (0x00000004347a5278) 
thrown [src/hotspot/share/runtime/objectMonitor.cpp, line 1658]
Event: 87.495 Thread 0x0000000126b3ce00 Exception <a 'sun/nio/fs/UnixException'{0x0000000433d8e868}> (0x0000000433d8e868) 
thrown [src/hotspot/share/prims/jni.cpp, line 516]
Event: 87.553 Thread 0x0000000144014200 Exception <a 'java/lang/NoClassDefFoundError'{0x000000043299c018}: Could not initialize class io.github.jordepic.streamfusion.kafka.NativeKafka> (0x000000043299c018) 
thrown [src/hotspot/share/oops/instanceKlass.cpp, line 1131]
Event: 87.553 Thread 0x0000000144014200 Exception <a 'java/lang/NoClassDefFoundError'{0x00000004329a1dd0}: Could not initialize class io.github.jordepic.streamfusion.kafka.NativeKafka> (0x00000004329a1dd0) 
thrown [src/hotspot/share/oops/instanceKlass.cpp, line 1131]
Event: 87.644 Thread 0x0000000147938c00 Implicit null exception at 0x0000000116a71134 to 0x0000000116a7339c

VM Operations (20 events):
Event: 81.544 Executing VM operation: G1CollectForAllocation
Event: 81.545 Executing VM operation: G1CollectForAllocation done
Event: 82.550 Executing VM operation: Cleanup
Event: 82.558 Executing VM operation: Cleanup done
Event: 83.300 Executing VM operation: G1CollectForAllocation
Event: 83.300 Executing VM operation: G1CollectForAllocation done
Event: 83.300 Executing VM operation: G1CollectForAllocation
Event: 83.301 Executing VM operation: G1CollectForAllocation done
Event: 84.697 Executing VM operation: G1CollectForAllocation
Event: 84.698 Executing VM operation: G1CollectForAllocation done
Event: 86.115 Executing VM operation: G1CollectForAllocation
Event: 86.116 Executing VM operation: G1CollectForAllocation done
Event: 87.489 Executing VM operation: ICBufferFull
Event: 87.489 Executing VM operation: ICBufferFull done
Event: 87.511 Executing VM operation: ICBufferFull
Event: 87.511 Executing VM operation: ICBufferFull done
Event: 87.540 Executing VM operation: ICBufferFull
Event: 87.540 Executing VM operation: ICBufferFull done
Event: 87.564 Executing VM operation: ICBufferFull
Event: 87.564 Executing VM operation: ICBufferFull done

Events (20 events):
Event: 87.568 Thread 0x000000014793f000 Thread added: 0x000000014793f000
Event: 87.568 Protecting memory [0x0000000336284000,0x0000000336290000] with protection modes 0
Event: 87.641 Thread 0x000000014793f600 Thread added: 0x000000014793f600
Event: 87.641 Protecting memory [0x0000000336490000,0x000000033649c000] with protection modes 0
Event: 87.641 Thread 0x0000000133e35000 Thread added: 0x0000000133e35000
Event: 87.641 Protecting memory [0x000000033669c000,0x00000003366a8000] with protection modes 0
Event: 87.641 Thread 0x0000000142e9d800 Thread added: 0x0000000142e9d800
Event: 87.641 Protecting memory [0x00000003368a8000,0x00000003368b4000] with protection modes 0
Event: 87.641 Thread 0x0000000132c70600 Thread added: 0x0000000132c70600
Event: 87.641 Protecting memory [0x0000000336ab4000,0x0000000336ac0000] with protection modes 0
Event: 87.642 Thread 0x0000000147938c00 Thread added: 0x0000000147938c00
Event: 87.642 Protecting memory [0x0000000336cc0000,0x0000000336ccc000] with protection modes 0
Event: 87.642 Thread 0x0000000147939200 Thread added: 0x0000000147939200
Event: 87.642 Protecting memory [0x00000003370d8000,0x00000003370e4000] with protection modes 0
Event: 87.642 Thread 0x0000000132c43600 Thread added: 0x0000000132c43600
Event: 87.642 Protecting memory [0x00000003376fc000,0x0000000337708000] with protection modes 0
Event: 87.642 Thread 0x0000000105989200 Thread added: 0x0000000105989200
Event: 87.642 Protecting memory [0x0000000337908000,0x0000000337914000] with protection modes 0
Event: 87.643 Thread 0x0000000147939800 Thread added: 0x0000000147939800
Event: 87.643 Protecting memory [0x0000000337d20000,0x0000000337d2c000] with protection modes 0


Dynamic libraries:
0x0000000104dbc000 	/Library/Java/JavaVirtualMachines/zulu-17.0.12-aarch64.jdk/Contents/Home/lib/libjli.dylib
0x00000001aa46a000 	/System/Library/Frameworks/Cocoa.framework/Versions/A/Cocoa
0x000000018f9b3000 	/System/Library/Frameworks/AppKit.framework/Versions/C/AppKit
0x0000000192ffc000 	/System/Library/Frameworks/CoreData.framework/Versions/A/CoreData
0x000000018cdb3000 	/System/Library/Frameworks/Foundation.framework/Versions/C/Foundation
0x000000019af3b000 	/usr/lib/libSystem.B.dylib
0x00000001910e3000 	/System/Library/PrivateFrameworks/UIFoundation.framework/Versions/A/UIFoundation
0x00000002419c7000 	/System/Library/PrivateFrameworks/CollectionViewCore.framework/Versions/A/CollectionViewCore
0x0000000198307000 	/System/Library/PrivateFrameworks/XCTTargetBootstrap.framework/Versions/A/XCTTargetBootstrap
0x000000019d8b8000 	/System/Library/PrivateFrameworks/InternationalSupport.framework/Versions/A/InternationalSupport
0x000000019dc12000 	/System/Library/PrivateFrameworks/UserActivity.framework/Versions/A/UserActivity
0x000000019368c000 	/System/Library/PrivateFrameworks/BaseBoard.framework/Versions/A/BaseBoard
0x000000024a16b000 	/System/Library/PrivateFrameworks/FrontBoard.framework/Versions/A/FrontBoard
0x00000001a52be000 	/System/Library/PrivateFrameworks/FrontBoardServices.framework/Versions/A/FrontBoardServices
0x00000002859e8000 	/usr/lib/libRosetta.dylib
0x00000002792ed000 	/System/Library/PrivateFrameworks/UIIntelligenceSupport.framework/Versions/A/UIIntelligenceSupport
0x000000023696a000 	/System/Library/Frameworks/SwiftUICore.framework/Versions/A/SwiftUICore
0x000000027f867000 	/System/Library/PrivateFrameworks/WritingTools.framework/Versions/A/WritingTools
0x000000027e6bd000 	/System/Library/PrivateFrameworks/WindowManagement.framework/Versions/A/WindowManagement
0x000000018ca12000 	/System/Library/Frameworks/SystemConfiguration.framework/Versions/A/SystemConfiguration
0x000000019cbd5000 	/usr/lib/libspindump.dylib
0x000000019129e000 	/System/Library/Frameworks/UniformTypeIdentifiers.framework/Versions/A/UniformTypeIdentifiers
0x000000019a1e6000 	/usr/lib/libbsm.0.dylib
0x0000000195a14000 	/usr/lib/libapp_launch_measurement.dylib
0x0000000194d1a000 	/System/Library/PrivateFrameworks/CoreAnalytics.framework/Versions/A/CoreAnalytics
0x0000000195a18000 	/System/Library/PrivateFrameworks/CoreAutoLayout.framework/Versions/A/CoreAutoLayout
0x0000000197852000 	/System/Library/Frameworks/Metal.framework/Versions/A/Metal
0x0000000198c52000 	/usr/lib/liblangid.dylib
0x000000019830d000 	/System/Library/PrivateFrameworks/CoreSVG.framework/Versions/A/CoreSVG
0x0000000191cff000 	/System/Library/PrivateFrameworks/SkyLight.framework/Versions/A/SkyLight
0x0000000249ea4000 	/System/Library/PrivateFrameworks/FocusEngine.framework/Versions/A/FocusEngine
0x0000000192298000 	/System/Library/Frameworks/CoreGraphics.framework/Versions/A/CoreGraphics
0x0000000247ab3000 	/System/Library/PrivateFrameworks/DesignLibrary.framework/Versions/A/DesignLibrary
0x00000001a3584000 	/System/Library/Frameworks/Accelerate.framework/Versions/A/Accelerate
0x000000019c9cb000 	/System/Library/PrivateFrameworks/IconServices.framework/Versions/A/IconServices
0x000000019782a000 	/System/Library/Frameworks/IOSurface.framework/Versions/A/IOSurface
0x0000000194d4a000 	/usr/lib/libDiagnosticMessagesClient.dylib
0x000000019ae84000 	/usr/lib/libz.1.dylib
0x00000001a78a7000 	/System/Library/Frameworks/ApplicationServices.framework/Versions/A/ApplicationServices
0x00000001982f2000 	/System/Library/PrivateFrameworks/DFRFoundation.framework/Versions/A/DFRFoundation
0x000000018f202000 	/usr/lib/libicucore.A.dylib
0x000000019ee4e000 	/System/Library/Frameworks/AudioToolbox.framework/Versions/A/AudioToolbox
0x000000019dbc0000 	/System/Library/PrivateFrameworks/DataDetectorsCore.framework/Versions/A/DataDetectorsCore
0x0000000279ed3000 	/System/Library/PrivateFrameworks/UpdateCycle.framework/Versions/A/UpdateCycle
0x00000001bba78000 	/System/Library/PrivateFrameworks/TextInput.framework/Versions/A/TextInput
0x0000000191c41000 	/usr/lib/libMobileGestalt.dylib
0x0000000197fee000 	/System/Library/Frameworks/Carbon.framework/Versions/A/Frameworks/HIToolbox.framework/Versions/A/HIToolbox
0x000000019527f000 	/System/Library/Frameworks/QuartzCore.framework/Versions/A/QuartzCore
0x000000018eddd000 	/System/Library/Frameworks/Security.framework/Versions/A/Security
0x00000001a2f03000 	/System/Library/Frameworks/Carbon.framework/Versions/A/Frameworks/SpeechRecognition.framework/Versions/A/SpeechRecognition
0x00000001956e3000 	/System/Library/PrivateFrameworks/CoreUI.framework/Versions/A/CoreUI
0x000000018e631000 	/System/Library/Frameworks/CoreAudio.framework/Versions/A/CoreAudio
0x0000000194e3e000 	/System/Library/Frameworks/DiskArbitration.framework/Versions/A/DiskArbitration
0x000000019d092000 	/System/Library/PrivateFrameworks/MultitouchSupport.framework/Versions/A/MultitouchSupport
0x0000000191c3f000 	/usr/lib/libenergytrace.dylib
0x00000001aefa5000 	/System/Library/PrivateFrameworks/RenderBox.framework/Versions/A/RenderBox
0x000000018f85a000 	/System/Library/Frameworks/IOKit.framework/Versions/A/IOKit
0x00000001a330d000 	/System/Library/Frameworks/CoreServices.framework/Versions/A/CoreServices
0x00000001959a5000 	/System/Library/PrivateFrameworks/PerformanceAnalysis.framework/Versions/A/PerformanceAnalysis
0x00000001f1700000 	/System/Library/Frameworks/OpenGL.framework/Versions/A/OpenGL
0x0000000195a62000 	/usr/lib/libxml2.2.dylib
0x000000019a0c7000 	/System/Library/PrivateFrameworks/MobileKeyBag.framework/Versions/A/MobileKeyBag
0x000000018b0cc000 	/usr/lib/libobjc.A.dylib
0x000000018b430000 	/usr/lib/libc++.1.dylib
0x00000001a328a000 	/System/Library/Frameworks/Accessibility.framework/Versions/A/Accessibility
0x00000001929f2000 	/System/Library/Frameworks/ColorSync.framework/Versions/A/ColorSync
0x000000018b561000 	/System/Library/Frameworks/CoreFoundation.framework/Versions/A/CoreFoundation
0x0000000198694000 	/System/Library/Frameworks/CoreImage.framework/Versions/A/CoreImage
0x000000018e404000 	/System/Library/Frameworks/CoreText.framework/Versions/A/CoreText
0x0000000230f51000 	/System/Library/Frameworks/CoreTransferable.framework/Versions/A/CoreTransferable
0x000000023148d000 	/System/Library/Frameworks/DataDetection.framework/Versions/A/DataDetection
0x00000002314a2000 	/System/Library/Frameworks/DeveloperToolsSupport.framework/Versions/A/DeveloperToolsSupport
0x000000019834b000 	/System/Library/Frameworks/ImageIO.framework/Versions/A/ImageIO
0x00000002378df000 	/System/Library/Frameworks/Symbols.framework/Versions/A/Symbols
0x00000001c0c4c000 	/System/Library/PrivateFrameworks/AttributeGraph.framework/Versions/A/AttributeGraph
0x00000001a539d000 	/System/Library/PrivateFrameworks/BoardServices.framework/Versions/A/BoardServices
0x00000001e52e1000 	/System/Library/PrivateFrameworks/FeatureFlags.framework/Versions/A/FeatureFlags
0x000000025308b000 	/System/Library/PrivateFrameworks/Gestures.framework/Versions/A/Gestures
0x000000019af40000 	/System/Library/PrivateFrameworks/SoftLinking.framework/Versions/A/SoftLinking
0x00000001cf44d000 	/usr/lib/swift/libswiftAccelerate.dylib
0x00000001c592f000 	/usr/lib/swift/libswiftCompression.dylib
0x000000019e7b6000 	/usr/lib/swift/libswiftCore.dylib
0x00000001b7d5c000 	/usr/lib/swift/libswiftCoreFoundation.dylib
0x00000001b7db5000 	/usr/lib/swift/libswiftCoreImage.dylib
0x00000001a5039000 	/usr/lib/swift/libswiftDispatch.dylib
0x00000001b7db6000 	/usr/lib/swift/libswiftIOKit.dylib
0x00000001c5922000 	/usr/lib/swift/libswiftMetal.dylib
0x00000001d4c30000 	/usr/lib/swift/libswiftOSLog.dylib
0x00000001a7ef7000 	/usr/lib/swift/libswiftObjectiveC.dylib
0x0000000286c26000 	/usr/lib/swift/libswiftObservation.dylib
0x00000001cabe5000 	/usr/lib/swift/libswiftQuartzCore.dylib
0x0000000286d65000 	/usr/lib/swift/libswiftSynchronization.dylib
0x00000001cf43e000 	/usr/lib/swift/libswiftUniformTypeIdentifiers.dylib
0x00000001b7d6e000 	/usr/lib/swift/libswiftXPC.dylib
0x0000000286d9f000 	/usr/lib/swift/libswift_Builtin_float.dylib
0x0000000286da2000 	/usr/lib/swift/libswift_Concurrency.dylib
0x00000001a7efb000 	/usr/lib/swift/libswiftos.dylib
0x00000001bb80d000 	/usr/lib/swift/libswiftsimd.dylib
0x000000019b167000 	/usr/lib/libcompression.dylib
0x000000019d818000 	/System/Library/PrivateFrameworks/TextureIO.framework/Versions/A/TextureIO
0x0000000192b9e000 	/System/Library/Frameworks/ApplicationServices.framework/Versions/A/Frameworks/HIServices.framework/Versions/A/HIServices
0x000000019c654000 	/usr/lib/libate.dylib
0x000000019af35000 	/usr/lib/system/libcache.dylib
0x000000019aef0000 	/usr/lib/system/libcommonCrypto.dylib
0x000000019af1b000 	/usr/lib/system/libcompiler_rt.dylib
0x000000019af10000 	/usr/lib/system/libcopyfile.dylib
0x000000018b26a000 	/usr/lib/system/libcorecrypto.dylib
0x000000018b363000 	/usr/lib/system/libdispatch.dylib
0x000000018b120000 	/usr/lib/system/libdyld.dylib
0x000000019af2b000 	/usr/lib/system/libkeymgr.dylib
0x000000019aed3000 	/usr/lib/system/libmacho.dylib
0x000000019a1be000 	/usr/lib/system/libquarantine.dylib
0x000000019af28000 	/usr/lib/system/libremovefile.dylib
0x0000000191cc2000 	/usr/lib/system/libsystem_asl.dylib
0x000000018b1f0000 	/usr/lib/system/libsystem_blocks.dylib
0x000000018b3ad000 	/usr/lib/system/libsystem_c.dylib
0x000000019af1f000 	/usr/lib/system/libsystem_collections.dylib
0x0000000198c3f000 	/usr/lib/system/libsystem_configuration.dylib
0x00000001977f1000 	/usr/lib/system/libsystem_containermanager.dylib
0x000000019a941000 	/usr/lib/system/libsystem_coreservices.dylib
0x000000018f4d4000 	/usr/lib/system/libsystem_darwin.dylib
0x00000002870f5000 	/usr/lib/system/libsystem_darwindirectory.dylib
0x000000019af2c000 	/usr/lib/system/libsystem_dnssd.dylib
0x00000002870f9000 	/usr/lib/system/libsystem_eligibility.dylib
0x000000018b3aa000 	/usr/lib/system/libsystem_featureflags.dylib
0x000000018b531000 	/usr/lib/system/libsystem_info.dylib
0x000000019ae94000 	/usr/lib/system/libsystem_m.dylib
0x000000018b317000 	/usr/lib/system/libsystem_malloc.dylib
0x0000000191c24000 	/usr/lib/system/libsystem_networkextension.dylib
0x000000018f945000 	/usr/lib/system/libsystem_notify.dylib
0x0000000198c44000 	/usr/lib/system/libsystem_sandbox.dylib
0x0000000287103000 	/usr/lib/system/libsystem_sanitizers.dylib
0x000000019af24000 	/usr/lib/system/libsystem_secinit.dylib
0x000000018b4de000 	/usr/lib/system/libsystem_kernel.dylib
0x000000018b528000 	/usr/lib/system/libsystem_platform.dylib
0x000000018b51b000 	/usr/lib/system/libsystem_pthread.dylib
0x000000019386f000 	/usr/lib/system/libsystem_symptoms.dylib
0x000000018b249000 	/usr/lib/system/libsystem_trace.dylib
0x000000028710b000 	/usr/lib/system/libsystem_trial.dylib
0x000000019aefe000 	/usr/lib/system/libunwind.dylib
0x000000018b1f4000 	/usr/lib/system/libxpc.dylib
0x000000018b4c3000 	/usr/lib/libc++abi.dylib
0x0000000286936000 	/usr/lib/libswiftPrespecialized.dylib
0x000000019af3d000 	/usr/lib/libfakelink.dylib
0x0000000191868000 	/System/Library/Frameworks/CFNetwork.framework/Versions/A/CFNetwork
0x000000019af91000 	/usr/lib/libarchive.2.dylib
0x00000001a1018000 	/System/Library/Frameworks/Combine.framework/Versions/A/Combine
0x00000002419ec000 	/System/Library/PrivateFrameworks/CollectionsInternal.framework/Versions/A/CollectionsInternal
0x0000000268527000 	/System/Library/PrivateFrameworks/ReflectionInternal.framework/Versions/A/ReflectionInternal
0x00000002693b3000 	/System/Library/PrivateFrameworks/RuntimeInternal.framework/Versions/A/RuntimeInternal
0x00000001b4c16000 	/usr/lib/swift/libswiftDarwin.dylib
0x0000000286d6d000 	/usr/lib/swift/libswiftSystem.dylib
0x0000000286e2c000 	/usr/lib/swift/libswift_DarwinFoundation1.dylib
0x0000000286f0d000 	/usr/lib/swift/libswift_StringProcessing.dylib
0x000000018f7d9000 	/System/Library/PrivateFrameworks/CoreServicesInternal.framework/Versions/A/CoreServicesInternal
0x000000019af08000 	/usr/lib/liboah.dylib
0x00000001a7345000 	/System/Library/PrivateFrameworks/DiskImages.framework/Versions/A/DiskImages
0x00000001b46d9000 	/System/Library/Frameworks/NetFS.framework/Versions/A/NetFS
0x00000001959dc000 	/System/Library/Frameworks/CoreServices.framework/Versions/A/Frameworks/FSEvents.framework/Versions/A/FSEvents
0x000000018f4df000 	/System/Library/Frameworks/CoreServices.framework/Versions/A/Frameworks/CarbonCore.framework/Versions/A/CarbonCore
0x0000000194db2000 	/System/Library/Frameworks/CoreServices.framework/Versions/A/Frameworks/Metadata.framework/Versions/A/Metadata
0x000000019a948000 	/System/Library/Frameworks/CoreServices.framework/Versions/A/Frameworks/OSServices.framework/Versions/A/OSServices
0x000000019b089000 	/System/Library/Frameworks/CoreServices.framework/Versions/A/Frameworks/SearchKit.framework/Versions/A/SearchKit
0x00000001937e9000 	/System/Library/Frameworks/CoreServices.framework/Versions/A/Frameworks/AE.framework/Versions/A/AE
0x000000018baaa000 	/System/Library/Frameworks/CoreServices.framework/Versions/A/Frameworks/LaunchServices.framework/Versions/A/LaunchServices
0x000000019c4aa000 	/System/Library/Frameworks/CoreServices.framework/Versions/A/Frameworks/DictionaryServices.framework/Versions/A/DictionaryServices
0x00000001959ea000 	/System/Library/Frameworks/CoreServices.framework/Versions/A/Frameworks/SharedFileList.framework/Versions/A/SharedFileList
0x000000019b11e000 	/usr/lib/libapple_nghttp2.dylib
0x0000000193403000 	/usr/lib/libsqlite3.dylib
0x00000001a758d000 	/System/Library/PrivateFrameworks/AppSupport.framework/Versions/A/AppSupport
0x000000019f4e7000 	/System/Library/Frameworks/GSS.framework/Versions/A/GSS
0x000000019377d000 	/System/Library/PrivateFrameworks/RunningBoardServices.framework/Versions/A/RunningBoardServices
0x00000001a7e85000 	/System/Library/PrivateFrameworks/StreamingZip.framework/Versions/A/StreamingZip
0x0000000193878000 	/System/Library/Frameworks/Network.framework/Versions/A/Network
0x000000019aed7000 	/usr/lib/system/libkxld.dylib
0x000000023d296000 	/System/Library/PrivateFrameworks/AppleKeyStore.framework/Versions/A/AppleKeyStore
0x00000002856cc000 	/usr/lib/libCoreEntitlements.dylib
0x000000025e482000 	/System/Library/PrivateFrameworks/MessageSecurity.framework/Versions/A/MessageSecurity
0x00000001933e7000 	/System/Library/PrivateFrameworks/ProtocolBuffer.framework/Versions/A/ProtocolBuffer
0x00000001a443f000 	/System/Library/PrivateFrameworks/SymptomDiagnosticReporter.framework/Versions/A/SymptomDiagnosticReporter
0x000000019c6ee000 	/System/Library/PrivateFrameworks/CrashReporterSupport.framework/Versions/A/CrashReporterSupport
0x000000019a928000 	/System/Library/PrivateFrameworks/AppleFSCompression.framework/Versions/A/AppleFSCompression
0x000000019a1ce000 	/usr/lib/libcoretls.dylib
0x000000019c521000 	/usr/lib/libcoretls_cfhelpers.dylib
0x000000019b160000 	/usr/lib/libpam.2.dylib
0x000000019c593000 	/usr/lib/libxar.1.dylib
0x000000019c523000 	/System/Library/PrivateFrameworks/APFS.framework/Versions/A/APFS
0x0000000273ddf000 	/System/Library/PrivateFrameworks/SwiftASN1Internal.framework/Versions/A/SwiftASN1Internal
0x000000019c5a2000 	/usr/lib/libutil.dylib
0x0000000198c4d000 	/System/Library/PrivateFrameworks/AppleSystemInfo.framework/Versions/A/AppleSystemInfo
0x0000000199eb6000 	/System/Library/PrivateFrameworks/IOMobileFramebuffer.framework/Versions/A/IOMobileFramebuffer
0x00000001b7c22000 	/System/Library/PrivateFrameworks/LoggingSupport.framework/Versions/A/LoggingSupport
0x000000019f54a000 	/System/Library/PrivateFrameworks/MobileAsset.framework/Versions/A/MobileAsset
0x00000001a444f000 	/System/Library/PrivateFrameworks/PowerLog.framework/Versions/A/PowerLog
0x0000000236808000 	/System/Library/Frameworks/SwiftData.framework/Versions/A/SwiftData
0x0000000195c0e000 	/System/Library/PrivateFrameworks/UserManagement.framework/Versions/A/UserManagement
0x0000000191793000 	/usr/lib/libboringssl.dylib
0x000000019385d000 	/usr/lib/libdns_services.dylib
0x00000001b6c5b000 	/usr/lib/libquic.dylib
0x000000019e746000 	/usr/lib/libusrtcp.dylib
0x000000023e089000 	/System/Library/PrivateFrameworks/AtomicsInternal.framework/Versions/A/AtomicsInternal
0x00000001dd468000 	/System/Library/PrivateFrameworks/InternalSwiftProtobuf.framework/Versions/A/InternalSwiftProtobuf
0x0000000286bfd000 	/usr/lib/swift/libswiftDistributed.dylib
0x0000000198c4b000 	/System/Library/PrivateFrameworks/AggregateDictionary.framework/Versions/A/AggregateDictionary
0x000000023e819000 	/System/Library/PrivateFrameworks/BiomeLibrary.framework/Versions/A/BiomeLibrary
0x00000001c68f6000 	/System/Library/PrivateFrameworks/BiomeStreams.framework/Versions/A/BiomeStreams
0x00000001c2b2d000 	/System/Library/PrivateFrameworks/BiomeFoundation.framework/Versions/A/BiomeFoundation
0x00000001cc9aa000 	/System/Library/PrivateFrameworks/BiomePubSub.framework/Versions/A/BiomePubSub
0x00000001a8ea9000 	/System/Library/PrivateFrameworks/ProactiveSupport.framework/Versions/A/ProactiveSupport
0x000000019c502000 	/usr/lib/liblzma.5.dylib
0x00000001a78a8000 	/System/Library/PrivateFrameworks/InternationalTextSearch.framework/Versions/A/InternationalTextSearch
0x00000001bf04a000 	/System/Library/PrivateFrameworks/SoftwareUpdateCoreSupport.framework/Versions/A/SoftwareUpdateCoreSupport
0x00000001c7378000 	/System/Library/PrivateFrameworks/SoftwareUpdateCoreConnect.framework/Versions/A/SoftwareUpdateCoreConnect
0x00000001a7443000 	/System/Library/PrivateFrameworks/RemoteServiceDiscovery.framework/Versions/A/RemoteServiceDiscovery
0x00000001bec41000 	/System/Library/PrivateFrameworks/MSUDataAccessor.framework/Versions/A/MSUDataAccessor
0x00000001b9d7a000 	/usr/lib/libbootpolicy.dylib
0x00000001a745a000 	/System/Library/PrivateFrameworks/RemoteXPC.framework/Versions/A/RemoteXPC
0x00000001c67c2000 	/usr/lib/libFDR.dylib
0x00000001cc5cb000 	/usr/lib/libamsupport.dylib
0x00000002859e0000 	/usr/lib/libReverseProxyDevice.dylib
0x000000023cbf0000 	/System/Library/PrivateFrameworks/AppleDeviceQuerySupport.framework/Versions/A/AppleDeviceQuerySupport
0x00000001cf64d000 	/usr/lib/libpartition2_dynamic.dylib
0x000000019b0fa000 	/System/Library/PrivateFrameworks/AppleSauce.framework/Versions/A/AppleSauce
0x000000028556d000 	/usr/lib/libAppleArchive.dylib
0x000000019a934000 	/usr/lib/libbz2.1.0.dylib
0x0000000194e48000 	/System/Library/Frameworks/Accelerate.framework/Versions/A/Frameworks/vImage.framework/Versions/A/vImage
0x00000001a32e7000 	/System/Library/Frameworks/Accelerate.framework/Versions/A/Frameworks/vecLib.framework/Versions/A/vecLib
0x000000019c5d9000 	/System/Library/Frameworks/Accelerate.framework/Versions/A/Frameworks/vecLib.framework/Versions/A/libvMisc.dylib
0x000000018bfaa000 	/System/Library/Frameworks/Accelerate.framework/Versions/A/Frameworks/vecLib.framework/Versions/A/libBLAS.dylib
0x0000000195b49000 	/System/Library/Frameworks/CoreVideo.framework/Versions/A/CoreVideo
0x000000019f0ef000 	/System/Library/Frameworks/ApplicationServices.framework/Versions/A/Frameworks/ATS.framework/Versions/A/ATS
0x000000019d7a1000 	/System/Library/Frameworks/ApplicationServices.framework/Versions/A/Frameworks/PrintCore.framework/Versions/A/PrintCore
0x000000019f4b0000 	/System/Library/Frameworks/ApplicationServices.framework/Versions/A/Frameworks/QD.framework/Versions/A/QD
0x000000019f4ab000 	/System/Library/Frameworks/ApplicationServices.framework/Versions/A/Frameworks/ColorSyncLegacy.framework/Versions/A/ColorSyncLegacy
0x000000019f0c1000 	/System/Library/Frameworks/ApplicationServices.framework/Versions/A/Frameworks/SpeechSynthesis.framework/Versions/A/SpeechSynthesis
0x0000000197d1c000 	/System/Library/PrivateFrameworks/FontServices.framework/libFontParser.dylib
0x00000001a7169000 	/System/Library/PrivateFrameworks/BackBoardServices.framework/Versions/A/BackBoardServices
0x000000023e735000 	/System/Library/PrivateFrameworks/BackBoardHIDEventFoundation.framework/Versions/A/BackBoardHIDEventFoundation
0x000000018df15000 	/System/Library/Frameworks/CoreDisplay.framework/Versions/A/CoreDisplay
0x000000019d0d8000 	/System/Library/Frameworks/VideoToolbox.framework/Versions/A/VideoToolbox
0x000000019b15e000 	/System/Library/Frameworks/MetalPerformanceShaders.framework/Versions/A/MetalPerformanceShaders
0x0000000267604000 	/System/Library/PrivateFrameworks/ProDisplayLibrary.framework/Versions/A/ProDisplayLibrary
0x00000001aaf33000 	/System/Library/PrivateFrameworks/IOSurfaceAccelerator.framework/Versions/A/IOSurfaceAccelerator
0x0000000197847000 	/System/Library/PrivateFrameworks/IOAccelerator.framework/Versions/A/IOAccelerator
0x0000000197b5f000 	/System/Library/Frameworks/CoreMedia.framework/Versions/A/CoreMedia
0x0000000191cda000 	/System/Library/PrivateFrameworks/TCC.framework/Versions/A/TCC
0x000000019d090000 	/System/Library/PrivateFrameworks/WatchdogClient.framework/Versions/A/WatchdogClient
0x00000001cca08000 	/System/Library/PrivateFrameworks/BiomeStorage.framework/Versions/A/BiomeStorage
0x000000025902a000 	/System/Library/PrivateFrameworks/IntelligencePlatformLibrary.framework/Versions/A/IntelligencePlatformLibrary
0x0000000266911000 	/System/Library/PrivateFrameworks/PoirotSchematizer.framework/Versions/A/PoirotSchematizer
0x000000023f05e000 	/System/Library/PrivateFrameworks/BiomeSync.framework/Versions/A/BiomeSync
0x000000023e7ff000 	/System/Library/PrivateFrameworks/BiomeDSL.framework/Versions/A/BiomeDSL
0x000000026697b000 	/System/Library/PrivateFrameworks/PoirotUDFs.framework/Versions/A/PoirotUDFs
0x00000002668e0000 	/System/Library/PrivateFrameworks/PoirotSQLite.framework/Versions/A/PoirotSQLite
0x00000001a58ba000 	/System/Library/PrivateFrameworks/CoreTime.framework/Versions/A/CoreTime
0x000000019af76000 	/usr/lib/libiconv.2.dylib
0x000000019aed2000 	/usr/lib/libcharset.1.dylib
0x0000000286e6d000 	/usr/lib/swift/libswift_RegexParser.dylib
0x0000000240667000 	/System/Library/PrivateFrameworks/CascadeSets.framework/Versions/A/CascadeSets
0x000000019f6b7000 	/System/Library/PrivateFrameworks/CorePhoneNumbers.framework/Versions/A/CorePhoneNumbers
0x000000019cf5a000 	/System/Library/PrivateFrameworks/AppleJPEG.framework/Versions/A/AppleJPEG
0x000000019c946000 	/usr/lib/libexpat.1.dylib
0x000000019d674000 	/System/Library/Frameworks/ImageIO.framework/Versions/A/Resources/libPng.dylib
0x000000019d6a0000 	/System/Library/Frameworks/ImageIO.framework/Versions/A/Resources/libTIFF.dylib
0x000000019d78a000 	/System/Library/Frameworks/ImageIO.framework/Versions/A/Resources/libGIF.dylib
0x000000019cf9f000 	/System/Library/Frameworks/ImageIO.framework/Versions/A/Resources/libJP2.dylib
0x000000019d730000 	/System/Library/Frameworks/ImageIO.framework/Versions/A/Resources/libJPEG.dylib
0x000000019d727000 	/System/Library/Frameworks/ImageIO.framework/Versions/A/Resources/libRadiance.dylib
0x000000024f852000 	/System/Library/PrivateFrameworks/GPUCompiler.framework/Versions/32023/Libraries/libllvm-flatbuffers.dylib
0x000000024a15e000 	/System/Library/PrivateFrameworks/FramePacing.framework/Versions/A/FramePacing
0x00000001f16f2000 	/System/Library/Frameworks/OpenGL.framework/Versions/A/Libraries/libCoreFSCache.dylib
0x000000024b29f000 	/System/Library/PrivateFrameworks/GPUCompiler.framework/Versions/32023/Libraries/libGPUCompilerUtils.dylib
0x00000001a546a000 	/System/Library/PrivateFrameworks/GraphicsServices.framework/Versions/A/GraphicsServices
0x00000001a9035000 	/System/Library/PrivateFrameworks/ASEProcessing.framework/Versions/A/ASEProcessing
0x00000001d8c84000 	/System/Library/PrivateFrameworks/Symbolication.framework/Versions/A/Symbolication
0x0000000266501000 	/System/Library/PrivateFrameworks/PhotosensitivityProcessing.framework/Versions/A/PhotosensitivityProcessing
0x000000019cb77000 	/System/Library/PrivateFrameworks/GraphVisualizer.framework/Versions/A/GraphVisualizer
0x00000001f1751000 	/System/Library/Frameworks/OpenGL.framework/Versions/A/Libraries/libGLU.dylib
0x00000001f1714000 	/System/Library/Frameworks/OpenGL.framework/Versions/A/Libraries/libGFXShared.dylib
0x000000022f828000 	/System/Library/Frameworks/OpenGL.framework/Versions/A/Libraries/libGL.dylib
0x00000001f171d000 	/System/Library/Frameworks/OpenGL.framework/Versions/A/Libraries/libGLImage.dylib
0x00000001f1711000 	/System/Library/Frameworks/OpenGL.framework/Versions/A/Libraries/libCVMSPluginSupport.dylib
0x00000001f16fa000 	/System/Library/Frameworks/OpenGL.framework/Versions/A/Libraries/libCoreVMClient.dylib
0x000000024a069000 	/System/Library/PrivateFrameworks/FontServices.framework/Versions/A/FontServices
0x000000019cb87000 	/System/Library/PrivateFrameworks/OTSVG.framework/Versions/A/OTSVG
0x0000000195690000 	/System/Library/Frameworks/ApplicationServices.framework/Versions/A/Frameworks/ATS.framework/Versions/A/Resources/libFontRegistry.dylib
0x0000000285ef0000 	/usr/lib/libhvf.dylib
0x0000000263336000 	/System/Library/PrivateFrameworks/ParsingInternal.framework/Versions/A/ParsingInternal
0x000000024a06d000 	/System/Library/PrivateFrameworks/FontServices.framework/libXTFontStaticRegistryData.dylib
0x0000000198b8c000 	/System/Library/Frameworks/MetalPerformanceShaders.framework/Versions/A/Frameworks/MPSCore.framework/Versions/A/MPSCore
0x000000019a893000 	/System/Library/Frameworks/MetalPerformanceShaders.framework/Versions/A/Frameworks/MPSImage.framework/Versions/A/MPSImage
0x000000019a271000 	/System/Library/Frameworks/MetalPerformanceShaders.framework/Versions/A/Frameworks/MPSNeuralNetwork.framework/Versions/A/MPSNeuralNetwork
0x000000019a6a9000 	/System/Library/Frameworks/MetalPerformanceShaders.framework/Versions/A/Frameworks/MPSMatrix.framework/Versions/A/MPSMatrix
0x000000019a4be000 	/System/Library/Frameworks/MetalPerformanceShaders.framework/Versions/A/Frameworks/MPSRayIntersector.framework/Versions/A/MPSRayIntersector
0x000000019a6db000 	/System/Library/Frameworks/MetalPerformanceShaders.framework/Versions/A/Frameworks/MPSNDArray.framework/Versions/A/MPSNDArray
0x00000002337cc000 	/System/Library/Frameworks/MetalPerformanceShaders.framework/Versions/A/Frameworks/MPSFunctions.framework/Versions/A/MPSFunctions
0x00000002337ad000 	/System/Library/Frameworks/MetalPerformanceShaders.framework/Versions/A/Frameworks/MPSBenchmarkLoop.framework/Versions/A/MPSBenchmarkLoop
0x000000018bdc5000 	/System/Library/PrivateFrameworks/MetalTools.framework/Versions/A/MetalTools
0x00000001bceb2000 	/System/Library/PrivateFrameworks/IOAccelMemoryInfo.framework/Versions/A/IOAccelMemoryInfo
0x00000001cafdb000 	/System/Library/PrivateFrameworks/kperf.framework/Versions/A/kperf
0x00000001b7d38000 	/System/Library/PrivateFrameworks/GPURawCounter.framework/Versions/A/GPURawCounter
0x00000001a57a3000 	/System/Library/PrivateFrameworks/CoreSymbolication.framework/Versions/A/CoreSymbolication
0x00000001b7caf000 	/System/Library/PrivateFrameworks/MallocStackLogging.framework/Versions/A/MallocStackLogging
0x00000001a5780000 	/System/Library/PrivateFrameworks/DebugSymbols.framework/Versions/A/DebugSymbols
0x00000001c9844000 	/System/Library/PrivateFrameworks/OSAnalytics.framework/Versions/A/OSAnalytics
0x0000000247f65000 	/System/Library/PrivateFrameworks/DeviceRecovery.framework/Versions/A/DeviceRecovery
0x00000002315e7000 	/System/Library/Frameworks/ExtensionFoundation.framework/Versions/A/ExtensionFoundation
0x000000019cbc8000 	/System/Library/PrivateFrameworks/AppServerSupport.framework/Versions/A/AppServerSupport
0x000000019c845000 	/System/Library/PrivateFrameworks/PlugInKit.framework/Versions/A/PlugInKit
0x000000019a0df000 	/System/Library/PrivateFrameworks/AssertionServices.framework/Versions/A/AssertionServices
0x000000019c96b000 	/System/Library/PrivateFrameworks/IconFoundation.framework/Versions/A/IconFoundation
0x0000000255f2e000 	/System/Library/PrivateFrameworks/IconRendering.framework/Versions/A/IconRendering
0x0000000269564000 	/System/Library/PrivateFrameworks/SFSymbols.framework/Versions/A/SFSymbols
0x000000018e039000 	/System/Library/PrivateFrameworks/AudioToolboxCore.framework/Versions/A/AudioToolboxCore
0x000000019f029000 	/System/Library/PrivateFrameworks/AudioSession.framework/Versions/A/AudioSession
0x00000001aa27d000 	/System/Library/Frameworks/CoreMIDI.framework/Versions/A/CoreMIDI
0x000000019f0a8000 	/usr/lib/libAudioStatistics.dylib
0x0000000197b36000 	/System/Library/PrivateFrameworks/caulk.framework/Versions/A/caulk
0x000000019d64e000 	/usr/lib/libAudioToolboxUtility.dylib
0x00000001b7d3c000 	/usr/lib/swift/libswiftCoreAudio.dylib
0x00000001be4a3000 	/usr/lib/swift/libswiftCoreMIDI.dylib
0x000000019f4b9000 	/System/Library/PrivateFrameworks/perfdata.framework/Versions/A/perfdata
0x00000001b6d59000 	/System/Library/PrivateFrameworks/SystemPolicy.framework/Versions/A/SystemPolicy
0x000000019f35e000 	/usr/lib/libSMC.dylib
0x000000019f4c7000 	/usr/lib/libperfcheck.dylib
0x000000023e149000 	/System/Library/PrivateFrameworks/AudioAnalytics.framework/Versions/A/AudioAnalytics
0x0000000286e30000 	/usr/lib/swift/libswift_DarwinFoundation2.dylib
0x0000000286e31000 	/usr/lib/swift/libswift_DarwinFoundation3.dylib
0x00000001dd169000 	/System/Library/Frameworks/OSLog.framework/Versions/A/OSLog
0x00000001b7ce1000 	/usr/lib/libmis.dylib
0x000000019ca88000 	/System/Library/PrivateFrameworks/MediaExperience.framework/Versions/A/MediaExperience
0x000000019edf7000 	/System/Library/PrivateFrameworks/AudioSession.framework/libSessionUtility.dylib
0x000000019d790000 	/System/Library/PrivateFrameworks/CMCaptureCore.framework/Versions/A/CMCaptureCore
0x00000001a432e000 	/System/Library/Frameworks/CoreBluetooth.framework/Versions/A/CoreBluetooth
0x0000000199f4b000 	/System/Library/PrivateFrameworks/CoreUtils.framework/Versions/A/CoreUtils
0x00000001afccb000 	/System/Library/PrivateFrameworks/HID.framework/Versions/A/HID
0x0000000247367000 	/System/Library/PrivateFrameworks/CoreUtilsExtras.framework/Versions/A/CoreUtilsExtras
0x0000000255e90000 	/System/Library/PrivateFrameworks/IO80211.framework/Versions/A/IO80211
0x00000001a0d71000 	/System/Library/Frameworks/IOBluetooth.framework/Versions/A/IOBluetooth
0x000000023dd37000 	/System/Library/PrivateFrameworks/ArgumentParserInternal.framework/Versions/A/ArgumentParserInternal
0x000000019c6e5000 	/usr/lib/libIOReport.dylib
0x000000019a0ee000 	/System/Library/Frameworks/SecurityFoundation.framework/Versions/A/SecurityFoundation
0x000000018c789000 	/System/Library/PrivateFrameworks/Lexicon.framework/Versions/A/Lexicon
0x000000019a259000 	/usr/lib/libgermantok.dylib
0x0000000198d76000 	/System/Library/PrivateFrameworks/LinguisticData.framework/Versions/A/LinguisticData
0x00000001a4541000 	/System/Library/PrivateFrameworks/MediaKit.framework/Versions/A/MediaKit
0x00000001a448c000 	/System/Library/Frameworks/DiscRecording.framework/Versions/A/DiscRecording
0x000000019c961000 	/usr/lib/libheimdal-asn1.dylib
0x00000001a7e5b000 	/System/Library/Frameworks/AudioUnit.framework/Versions/A/AudioUnit
0x00000001959af000 	/System/Library/Frameworks/OpenDirectory.framework/Versions/A/OpenDirectory
0x00000001959bd000 	/System/Library/Frameworks/OpenDirectory.framework/Versions/A/Frameworks/CFOpenDirectory.framework/Versions/A/CFOpenDirectory
0x000000022fbac000 	/System/Library/Frameworks/AVFAudio.framework/Versions/A/AVFAudio
0x00000001b0c95000 	/usr/lib/libAccessibility.dylib
0x0000000259bbe000 	/System/Library/PrivateFrameworks/IsolatedCoreAudioClient.framework/Versions/A/IsolatedCoreAudioClient
0x00000001d348a000 	/usr/lib/swift/libswiftCoreMedia.dylib
0x0000000277387000 	/System/Library/PrivateFrameworks/Tightbeam.framework/Versions/A/Tightbeam
0x0000000243277000 	/System/Library/PrivateFrameworks/CoreAudioOrchestration.framework/Versions/A/CoreAudioOrchestration
0x00000001cfb99000 	/System/Library/PrivateFrameworks/AFKUser.framework/Versions/A/AFKUser
0x00000001a35d4000 	/System/Library/Frameworks/MediaAccessibility.framework/Versions/A/MediaAccessibility
0x000000027b573000 	/System/Library/PrivateFrameworks/VideoToolboxParavirtualizationSupport.framework/Versions/A/VideoToolboxParavirtualizationSupport
0x000000019c8fd000 	/System/Library/PrivateFrameworks/AppleVA.framework/Versions/A/AppleVA
0x000000019d722000 	/System/Library/PrivateFrameworks/GPUWrangler.framework/Versions/A/GPUWrangler
0x000000019d702000 	/System/Library/PrivateFrameworks/IOPresentment.framework/Versions/A/IOPresentment
0x000000019d72a000 	/System/Library/PrivateFrameworks/DSExternalDisplay.framework/Versions/A/DSExternalDisplay
0x000000023db8e000 	/System/Library/PrivateFrameworks/AppleMobileFileIntegrity.framework/Versions/A/AppleMobileFileIntegrity
0x0000000285a6d000 	/usr/lib/libTLE.dylib
0x00000001ee431000 	/System/Library/PrivateFrameworks/ConfigProfileHelper.framework/Versions/A/ConfigProfileHelper
0x00000001e3251000 	/usr/lib/libedit.3.dylib
0x000000025b13f000 	/System/Library/PrivateFrameworks/MIL.framework/Versions/A/MIL
0x00000001bce75000 	/usr/lib/libncurses.5.4.dylib
0x0000000199e80000 	/System/Library/PrivateFrameworks/CoreEmoji.framework/Versions/A/CoreEmoji
0x000000018caa6000 	/usr/lib/libCRFSuite.dylib
0x0000000198c54000 	/System/Library/PrivateFrameworks/CoreNLP.framework/Versions/A/CoreNLP
0x000000019a1f8000 	/usr/lib/libmecab.dylib
0x000000019b0f1000 	/usr/lib/libThaiTokenizer.dylib
0x00000001dd628000 	/System/Library/PrivateFrameworks/HIDDisplay.framework/Versions/A/HIDDisplay
0x000000019d75c000 	/System/Library/Frameworks/ApplicationServices.framework/Versions/A/Frameworks/ATSUI.framework/Versions/A/ATSUI
0x000000019f43f000 	/usr/lib/libcups.2.dylib
0x000000019f4d5000 	/System/Library/Frameworks/Kerberos.framework/Versions/A/Kerberos
0x000000019f137000 	/usr/lib/libresolv.9.dylib
0x000000019cbdc000 	/System/Library/PrivateFrameworks/Heimdal.framework/Versions/A/Heimdal
0x00000001a7e5a000 	/System/Library/Frameworks/Kerberos.framework/Versions/A/Libraries/libHeimdalProxy.dylib
0x000000019f539000 	/System/Library/PrivateFrameworks/CommonAuth.framework/Versions/A/CommonAuth
0x00000001b0b90000 	/System/Library/PrivateFrameworks/AXCoreUtilities.framework/Versions/A/AXCoreUtilities
0x0000000285487000 	/usr/lib/libAXSafeCategoryBundle.dylib
0x0000000199d65000 	/System/Library/Frameworks/Accelerate.framework/Versions/A/Frameworks/vecLib.framework/Versions/A/libvDSP.dylib
0x000000019b23e000 	/System/Library/Frameworks/Accelerate.framework/Versions/A/Frameworks/vecLib.framework/Versions/A/libLAPACK.dylib
0x000000019a25c000 	/System/Library/Frameworks/Accelerate.framework/Versions/A/Frameworks/vecLib.framework/Versions/A/libLinearAlgebra.dylib
0x000000019b137000 	/System/Library/Frameworks/Accelerate.framework/Versions/A/Frameworks/vecLib.framework/Versions/A/libSparseBLAS.dylib
0x000000019b239000 	/System/Library/Frameworks/Accelerate.framework/Versions/A/Frameworks/vecLib.framework/Versions/A/libQuadrature.dylib
0x0000000198d7d000 	/System/Library/Frameworks/Accelerate.framework/Versions/A/Frameworks/vecLib.framework/Versions/A/libBNNS.dylib
0x000000018c89f000 	/System/Library/Frameworks/Accelerate.framework/Versions/A/Frameworks/vecLib.framework/Versions/A/libSparse.dylib
0x000000019f49e000 	/System/Library/PrivateFrameworks/NetAuth.framework/Versions/A/NetAuth
0x0000000195bcd000 	/System/Library/PrivateFrameworks/login.framework/Versions/A/Frameworks/loginsupport.framework/Versions/A/loginsupport
0x000000019a1c2000 	/usr/lib/libCheckFix.dylib
0x0000000194d4c000 	/System/Library/PrivateFrameworks/MetadataUtilities.framework/Versions/A/MetadataUtilities
0x0000000256949000 	/System/Library/PrivateFrameworks/InstalledContentLibrary.framework/Versions/A/InstalledContentLibrary
0x000000018f81a000 	/System/Library/PrivateFrameworks/CoreServicesStore.framework/Versions/A/CoreServicesStore
0x00000001cb0e2000 	/System/Library/PrivateFrameworks/MobileSystemServices.framework/Versions/A/MobileSystemServices
0x000000019c5a6000 	/usr/lib/libxslt.1.dylib
0x000000019a181000 	/System/Library/PrivateFrameworks/BackgroundTaskManagement.framework/Versions/A/BackgroundTaskManagement
0x00000001a7505000 	/usr/lib/libcurl.4.dylib
0x0000000285ca6000 	/usr/lib/libcrypto.46.dylib
0x00000002868c3000 	/usr/lib/libssl.48.dylib
0x00000001a71db000 	/System/Library/Frameworks/LDAP.framework/Versions/A/LDAP
0x00000001a7217000 	/System/Library/PrivateFrameworks/TrustEvaluationAgent.framework/Versions/A/TrustEvaluationAgent
0x000000019f154000 	/usr/lib/libsasl2.2.dylib
0x00000001b4c15000 	/usr/lib/swift/libswiftCoreGraphics.dylib
0x00000001a3cd0000 	/usr/lib/swift/libswiftFoundation.dylib
0x00000001eddee000 	/usr/lib/swift/libswiftSwiftOnoneSupport.dylib
0x0000000286fa2000 	/usr/lib/swift/libswiftsys_time.dylib
0x00000001d9441000 	/System/Library/PrivateFrameworks/CoreMaterial.framework/Versions/A/CoreMaterial
0x0000000286ce8000 	/usr/lib/swift/libswiftSpatial.dylib
0x0000000285a6a000 	/usr/lib/libSpatial.dylib
0x00000002853a5000 	/System/Library/SubFrameworks/UIUtilities.framework/Versions/A/UIUtilities
0x00000001060ac000 	/Library/Java/JavaVirtualMachines/zulu-17.0.12-aarch64.jdk/Contents/Home/lib/server/libjvm.dylib
0x0000000104e24000 	/Library/Java/JavaVirtualMachines/zulu-17.0.12-aarch64.jdk/Contents/Home/lib/libjimage.dylib
0x0000000104eac000 	/Library/Java/JavaVirtualMachines/zulu-17.0.12-aarch64.jdk/Contents/Home/lib/libjava.dylib
0x0000000105000000 	/Library/Java/JavaVirtualMachines/zulu-17.0.12-aarch64.jdk/Contents/Home/lib/libnio.dylib
0x000000010522c000 	/Library/Java/JavaVirtualMachines/zulu-17.0.12-aarch64.jdk/Contents/Home/lib/libnet.dylib
0x0000000105278000 	/Library/Java/JavaVirtualMachines/zulu-17.0.12-aarch64.jdk/Contents/Home/lib/libzip.dylib
0x0000000105020000 	/Library/Java/JavaVirtualMachines/zulu-17.0.12-aarch64.jdk/Contents/Home/lib/libmanagement.dylib
0x0000000105208000 	/Library/Java/JavaVirtualMachines/zulu-17.0.12-aarch64.jdk/Contents/Home/lib/libmanagement_ext.dylib
0x0000000105250000 	/Library/Java/JavaVirtualMachines/zulu-17.0.12-aarch64.jdk/Contents/Home/lib/libverify.dylib
0x00000001052a0000 	/Library/Java/JavaVirtualMachines/zulu-17.0.12-aarch64.jdk/Contents/Home/lib/libjaas.dylib
0x00000001052b4000 	/Library/Java/JavaVirtualMachines/zulu-17.0.12-aarch64.jdk/Contents/Home/lib/libextnet.dylib
0x0000000344000000 	/Users/jepstein/data/StreamFusion/native/target/release/libstreamfusion.dylib
0x000000010521c000 	/private/var/folders/nb/m2wcx1sx6zlg1gycmsr33t5r0000gp/T/jnilib-10755928858907013946.tmp
0x0000000123c94000 	/private/var/folders/nb/m2wcx1sx6zlg1gycmsr33t5r0000gp/T/snappy-1.1.10-d1eb8bc9-2331-43c7-9b6c-fc7daadf9357-libsnappyjava.dylib
0x00000001322c4000 	/private/var/folders/nb/m2wcx1sx6zlg1gycmsr33t5r0000gp/T/libzstd-jni-1.5.5-1111804481658217195817.dylib


VM Arguments:
jvm_args: -Djava.library.path=/Users/jepstein/data/StreamFusion/streamfusion-paimon-compactor/../native/target/release -Darrow.enable_unsafe_memory_access=true -Darrow.enable_null_check_for_get=false --add-opens=java.base/java.nio=ALL-UNNAMED --add-opens=java.base/java.lang=ALL-UNNAMED --add-opens=java.base/java.util=ALL-UNNAMED --add-opens=java.base/java.io=ALL-UNNAMED --add-opens=java.base/java.net=ALL-UNNAMED --add-opens=java.base/java.util.concurrent=ALL-UNNAMED --add-opens=java.base/java.util.concurrent.atomic=ALL-UNNAMED --add-opens=java.base/java.lang.reflect=ALL-UNNAMED --add-opens=java.base/sun.nio.ch=ALL-UNNAMED 
java_command: /Users/jepstein/data/StreamFusion/streamfusion-paimon-compactor/target/surefire/surefirebooter-20260724181646102_3.jar /Users/jepstein/data/StreamFusion/streamfusion-paimon-compactor/target/surefire 2026-07-24T18-16-45_163-jvmRun1 surefire-20260724181646102_1tmp surefire_0-20260724181646102_2tmp
java_class_path (initial): /Users/jepstein/data/StreamFusion/streamfusion-paimon-compactor/target/surefire/surefirebooter-20260724181646102_3.jar
Launcher Type: SUN_STANDARD

[Global flags]
     intx CICompilerCount                          = 4                                         {product} {ergonomic}
     uint ConcGCThreads                            = 2                                         {product} {ergonomic}
     uint G1ConcRefinementThreads                  = 9                                         {product} {ergonomic}
   size_t G1HeapRegionSize                         = 8388608                                   {product} {ergonomic}
    uintx GCDrainStackTargetSize                   = 64                                        {product} {ergonomic}
   size_t InitialHeapSize                          = 1073741824                                {product} {ergonomic}
   size_t MarkStackSize                            = 4194304                                   {product} {ergonomic}
   size_t MaxHeapSize                              = 17179869184                               {product} {ergonomic}
   size_t MaxNewSize                               = 10301210624                               {product} {ergonomic}
   size_t MinHeapDeltaBytes                        = 8388608                                   {product} {ergonomic}
   size_t MinHeapSize                              = 8388608                                   {product} {ergonomic}
    uintx NonNMethodCodeHeapSize                   = 5839564                                {pd product} {ergonomic}
    uintx NonProfiledCodeHeapSize                  = 122909338                              {pd product} {ergonomic}
    uintx ProfiledCodeHeapSize                     = 122909338                              {pd product} {ergonomic}
    uintx ReservedCodeCacheSize                    = 251658240                              {pd product} {ergonomic}
     bool SegmentedCodeCache                       = true                                      {product} {ergonomic}
   size_t SoftMaxHeapSize                          = 17179869184                            {manageable} {ergonomic}
     bool UseCompressedClassPointers               = true                           {product lp64_product} {ergonomic}
     bool UseCompressedOops                        = true                           {product lp64_product} {ergonomic}
     bool UseG1GC                                  = true                                      {product} {ergonomic}
     bool UseNUMA                                  = false                                     {product} {ergonomic}
     bool UseNUMAInterleaving                      = false                                     {product} {ergonomic}

Logging:
Log output configuration:
 #0: stdout all=warning uptime,level,tags
 #1: stderr all=off uptime,level,tags

Environment Variables:
JAVA_HOME=/Users/jepstein/.jenv/versions/17
PATH=/Users/jepstein/.local/bin:/Users/jepstein/.local/bin:/Users/jepstein/.local/bin:/Users/jepstein/.local/bin:/Users/jepstein/.local/bin:/Users/jepstein/.local/bin:/Users/jepstein/downloads/thrift-0.19.0/bin:/Users/jepstein/downloads/thrift-0.19.0/bin:/Users/jepstein/.krew/bin:/Users/jepstein/.jenv/shims:/Users/jepstein/.jenv/bin:/Users/jepstein/miniconda3/bin:/Users/jepstein/miniconda3/condabin:/opt/homebrew/bin:/opt/homebrew/sbin:/usr/local/bin:/System/Cryptexes/App/usr/bin:/usr/bin:/bin:/usr/sbin:/sbin:/var/run/com.apple.security.cryptexd/codex.system/bootstrap/usr/local/bin:/var/run/com.apple.security.cryptexd/codex.system/bootstrap/usr/bin:/var/run/com.apple.security.cryptexd/codex.system/bootstrap/usr/appleinternal/bin:/opt/pmk/env/global/bin:/opt/X11/bin:/Library/Apple/usr/bin:/Users/jepstein/.claude/plugins/local/imc-claude-review/bin
SHELL=/bin/zsh
DISPLAY=/private/tmp/com.apple.launchd.iJHLwb7nPW/org.xquartz:0
LANG=en_US.UTF-8
TERM=xterm-256color
TMPDIR=/var/folders/nb/m2wcx1sx6zlg1gycmsr33t5r0000gp/T/

Active Locale:
LC_ALL=en_US.UTF-8
LC_COLLATE=en_US.UTF-8
LC_CTYPE=en_US.UTF-8
LC_MESSAGES=en_US.UTF-8
LC_MONETARY=en_US.UTF-8
LC_NUMERIC=en_US.UTF-8
LC_TIME=en_US.UTF-8

Signal Handlers:
   SIGSEGV: crash_handler in libjvm.dylib, mask=11100110000111110111111111111111, flags=SA_RESTART|SA_SIGINFO, unblocked
    SIGBUS: crash_handler in libjvm.dylib, mask=11100110000111110111111111111111, flags=SA_RESTART|SA_SIGINFO, unblocked
    SIGFPE: crash_handler in libjvm.dylib, mask=11100110000111110111111111111111, flags=SA_RESTART|SA_SIGINFO, unblocked
   SIGPIPE: javaSignalHandler in libjvm.dylib, mask=11100110000111110111111111111111, flags=SA_RESTART|SA_SIGINFO, blocked
   SIGXFSZ: javaSignalHandler in libjvm.dylib, mask=11100110000111110111111111111111, flags=SA_RESTART|SA_SIGINFO, blocked
    SIGILL: crash_handler in libjvm.dylib, mask=11100110000111110111111111111111, flags=SA_RESTART|SA_SIGINFO, unblocked
   SIGUSR2: SR_handler in libjvm.dylib, mask=00100000000000000000000000000000, flags=SA_RESTART|SA_SIGINFO, blocked
    SIGHUP: UserHandler in libjvm.dylib, mask=11100110000111110111111111111111, flags=SA_RESTART|SA_SIGINFO, blocked
    SIGINT: UserHandler in libjvm.dylib, mask=11100110000111110111111111111111, flags=SA_RESTART|SA_SIGINFO, blocked
   SIGTERM: UserHandler in libjvm.dylib, mask=11100110000111110111111111111111, flags=SA_RESTART|SA_SIGINFO, blocked
   SIGQUIT: UserHandler in libjvm.dylib, mask=11100110000111110111111111111111, flags=SA_RESTART|SA_SIGINFO, blocked
   SIGTRAP: crash_handler in libjvm.dylib, mask=11100110000111110111111111111111, flags=SA_RESTART|SA_SIGINFO, unblocked


Periodic native trim disabled


---------------  S Y S T E M  ---------------

OS:
uname: Darwin 25.2.0 Darwin Kernel Version 25.2.0: Tue Nov 18 21:09:40 PST 2025; root:xnu-12377.61.12~1/RELEASE_ARM64_T6000 arm64
OS uptime: 17 days 22:12 hours
rlimit (soft/hard): STACK 8176k/65520k , CORE 0k/infinity , NPROC 10666/16000 , NOFILE 2147483647/infinity , AS infinity/infinity , CPU infinity/infinity , DATA infinity/infinity , FSIZE infinity/infinity , MEMLOCK infinity/infinity , RSS infinity/infinity
load average: 18.58 18.83 24.67

CPU: total 10 (initial active 10) 0x61:0x0:0x1b588bb3:0, fp, simd, crc, lse
machdep.cpu.brand_string:Apple M1 Max
hw.cachelinesize:128
hw.l1icachesize:131072
hw.l1dcachesize:65536
hw.l2cachesize:4194304

Memory: 16k page, physical 67108864k(1216064k free), swap 9437184k(1677440k free)

vm_info: OpenJDK 64-Bit Server VM (17.0.12+7-LTS) for bsd-aarch64 JRE (17.0.12+7-LTS) (Zulu17.52+17-CA), built on Jul  9 2024 15:54:46 by "tester" with clang Apple LLVM 12.0.0 (clang-1200.0.32.28)

END.
